{
  "type": "Compass Connections",
  "version": {
    "$numberInt": "1"
  },
  "connections": [
    {
      "id": "87dc833d-87d1-4460-a6c5-3f5c4a40d8c2",
      "lastUsed": {
        "$date": {
          "$numberLong": "1711489287250"
        }
      },
      "favorite": {
        "name": "my-local-mongodb",
        "color": "color1"
      },
      "savedConnectionType": "favorite",
      "connectionOptions": {
        "connectionString": "mongodb://localhost/",
        "oidc": {
          "serializedState": "eyJvaWRjUGx1Z2luU3RhdGVWZXJzaW9uIjowLCJzdGF0ZSI6W119"
        }
      }
    }
  ]
}