time,wind_direction,wind_speed,wind_gust,wave_height,dominant_wave_period,average_wave_period,dominant_wave_direction,pressure,air_temperature,water_temperature,dewpoint,visibility,3hr_pressure_tendency,water_level_above_mean,time,Station ID
0,340.0,11.0,13.0,3.0,,6.3,317.0,1020.4,19.4,24.4,10.2,,,,2025-03-20 22:10:00+00:00,42001
1,340.0,11.0,13.0,,,,,1020.3,19.4,24.5,10.4,,-1.1,,2025-03-20 22:00:00+00:00,42001
2,340.0,11.0,14.0,3.1,9.0,6.4,330.0,1020.2,19.4,24.4,10.6,,,,2025-03-20 21:50:00+00:00,42001
3,340.0,10.0,13.0,,,,,1020.3,19.4,24.4,10.2,,,,2025-03-20 21:40:00+00:00,42001
4,340.0,10.0,13.0,,,,,1020.3,19.2,24.5,10.0,,,,2025-03-20 21:30:00+00:00,42001
5,340.0,11.0,14.0,3.0,9.0,6.2,330.0,1020.3,19.2,24.5,10.3,,,,2025-03-20 21:20:00+00:00,42001
6,340.0,11.0,13.0,3.0,,6.2,330.0,1020.3,19.3,24.5,10.2,,,,2025-03-20 21:10:00+00:00,42001
7,340.0,10.0,13.0,,,,,1020.4,19.2,24.6,10.4,,-1.3,,2025-03-20 21:00:00+00:00,42001
8,340.0,11.0,14.0,3.0,8.0,6.3,330.0,1020.4,19.3,24.6,10.8,,,,2025-03-20 20:50:00+00:00,42001
9,340.0,10.0,12.0,,,,,1020.5,19.3,,11.5,,,,2025-03-20 20:40:00+00:00,42001
10,340.0,11.0,13.0,,,,,1020.6,19.3,24.6,10.6,,,,2025-03-20 20:30:00+00:00,42001
11,340.0,11.0,13.0,3.2,8.0,6.4,334.0,1020.6,19.3,24.6,11.2,,,,2025-03-20 20:20:00+00:00,42001
12,340.0,11.0,13.0,3.2,,6.4,334.0,1020.8,19.4,24.6,10.8,,,,2025-03-20 20:10:00+00:00,42001
13,340.0,11.0,14.0,,,,,1020.8,19.4,24.6,11.0,,-1.4,,2025-03-20 20:00:00+00:00,42001
14,350.0,11.0,14.0,2.8,9.0,6.0,329.0,1020.9,19.4,24.6,11.7,,,,2025-03-20 19:50:00+00:00,42001
15,340.0,10.0,13.0,,,,,1021.0,19.5,24.6,12.1,,,,2025-03-20 19:40:00+00:00,42001
16,340.0,11.0,13.0,,,,,1021.1,19.4,24.5,11.5,,,,2025-03-20 19:30:00+00:00,42001
17,340.0,11.0,14.0,2.7,8.0,6.0,332.0,1021.1,19.5,24.5,11.9,,,,2025-03-20 19:20:00+00:00,42001
18,340.0,11.0,13.0,2.7,,6.0,332.0,1021.3,19.5,24.5,12.2,,,,2025-03-20 19:10:00+00:00,42001
19,330.0,11.0,14.0,,,,,1021.3,19.3,24.5,12.2,,-0.9,,2025-03-20 19:00:00+00:00,42001
20,340.0,11.0,13.0,2.9,8.0,5.9,326.0,1021.2,19.4,24.5,13.0,,,,2025-03-20 18:50:00+00:00,42001
21,340.0,11.0,14.0,,,,,1021.4,19.4,24.4,13.4,,,,2025-03-20 18:40:00+00:00,42001
22,330.0,11.0,13.0,,,,,1021.4,19.6,24.3,13.5,,,,2025-03-20 18:30:00+00:00,42001
23,330.0,10.0,13.0,2.9,8.0,6.1,327.0,1021.5,19.6,24.3,13.3,,,,2025-03-20 18:20:00+00:00,42001
24,330.0,11.0,13.0,2.9,,6.1,327.0,1021.7,19.7,24.3,13.4,,,,2025-03-20 18:10:00+00:00,42001
25,340.0,11.0,13.0,,,,,1021.8,19.8,24.3,13.5,,0.4,,2025-03-20 18:00:00+00:00,42001
26,340.0,11.0,13.0,2.9,8.0,5.9,333.0,1021.9,19.9,24.3,13.8,,,,2025-03-20 17:50:00+00:00,42001
27,340.0,11.0,13.0,,,,,1022.0,20.0,24.4,13.8,,,,2025-03-20 17:40:00+00:00,42001
28,330.0,10.0,13.0,,,,,1022.0,20.2,24.4,13.8,,,,2025-03-20 17:30:00+00:00,42001
29,330.0,9.0,12.0,2.8,8.0,5.8,324.0,1022.2,20.3,24.3,13.4,,,,2025-03-20 17:20:00+00:00,42001
30,330.0,10.0,12.0,2.8,,5.8,324.0,1022.2,20.5,24.4,13.0,,,,2025-03-20 17:10:00+00:00,42001
31,330.0,10.0,12.0,,,,,1022.2,20.6,24.4,13.0,,1.4,,2025-03-20 17:00:00+00:00,42001
32,340.0,9.0,12.0,2.7,8.0,5.7,316.0,1022.1,20.7,24.3,13.6,,,,2025-03-20 16:50:00+00:00,42001
33,330.0,10.0,13.0,,,,,1022.2,20.8,24.3,12.4,,,,2025-03-20 16:40:00+00:00,42001
34,340.0,10.0,13.0,,,,,1022.1,21.0,24.3,13.3,,,,2025-03-20 16:30:00+00:00,42001
35,330.0,10.0,12.0,2.7,7.0,5.8,330.0,1022.1,21.0,24.3,13.3,,,,2025-03-20 16:20:00+00:00,42001
36,330.0,9.0,11.0,2.7,,5.8,330.0,1022.1,21.1,24.3,13.3,,,,2025-03-20 16:10:00+00:00,42001
37,340.0,9.0,11.0,,,,,1022.0,21.3,24.4,13.4,,2.8,,2025-03-20 16:00:00+00:00,42001
38,340.0,9.0,12.0,2.4,7.0,5.4,323.0,1021.9,21.4,24.5,13.4,,,,2025-03-20 15:50:00+00:00,42001
39,330.0,10.0,12.0,,,,,1021.7,21.4,24.5,13.0,,,,2025-03-20 15:40:00+00:00,42001
40,340.0,10.0,12.0,,,,,1021.7,21.5,24.6,13.4,,,,2025-03-20 15:30:00+00:00,42001
41,340.0,10.0,12.0,2.0,6.0,4.9,327.0,1021.5,21.4,24.6,13.5,,,,2025-03-20 15:20:00+00:00,42001
42,340.0,10.0,12.0,2.0,,4.9,327.0,1021.3,21.5,24.6,13.4,,,,2025-03-20 15:10:00+00:00,42001
43,350.0,10.0,12.0,,,,,1021.2,21.4,24.6,13.3,,2.8,,2025-03-20 15:00:00+00:00,42001
44,340.0,11.0,14.0,1.7,5.0,4.5,333.0,1021.1,21.5,24.7,14.0,,,,2025-03-20 14:50:00+00:00,42001
45,350.0,11.0,13.0,,,,,1021.0,21.6,24.7,14.4,,,,2025-03-20 14:40:00+00:00,42001
46,350.0,9.0,12.0,,,,,1020.9,21.3,24.7,14.2,,,,2025-03-20 14:30:00+00:00,42001
47,350.0,9.0,11.0,1.7,5.0,4.4,333.0,1020.9,21.3,24.7,13.4,,,,2025-03-20 14:20:00+00:00,42001
48,340.0,9.0,11.0,,,,,1020.8,21.1,24.7,11.8,,,,2025-03-20 14:10:00+00:00,42001
49,350.0,9.0,12.0,,,,,1020.7,20.8,24.8,12.6,,4.0,,2025-03-20 14:00:00+00:00,42001
50,340.0,11.0,14.0,1.3,4.0,3.9,331.0,1020.6,20.8,24.8,12.6,,,,2025-03-20 13:50:00+00:00,42001
51,340.0,12.0,14.0,1.3,,3.9,331.0,1020.5,21.6,24.8,13.8,,,,2025-03-20 13:40:00+00:00,42001
52,340.0,11.0,15.0,,,,,1020.3,22.0,24.9,13.9,,,,2025-03-20 13:30:00+00:00,42001
53,340.0,12.0,14.0,1.3,4.0,3.8,329.0,1020.3,22.1,25.0,13.5,,,,2025-03-20 13:20:00+00:00,42001
54,340.0,12.0,15.0,1.3,,3.8,329.0,1019.8,22.1,25.0,13.9,,,,2025-03-20 13:10:00+00:00,42001
55,350.0,11.0,15.0,,,,,1019.4,21.8,25.0,13.7,,3.5,,2025-03-20 13:00:00+00:00,42001
56,340.0,12.0,17.0,1.2,4.0,3.7,320.0,1019.3,21.9,25.0,13.9,,,,2025-03-20 12:50:00+00:00,42001
57,340.0,11.0,14.0,,,,,1019.1,21.6,25.0,14.1,,,,2025-03-20 12:40:00+00:00,42001
58,350.0,11.0,15.0,,,,,1019.0,20.9,25.0,15.2,,,,2025-03-20 12:30:00+00:00,42001
59,340.0,12.0,15.0,1.1,,3.6,128.0,1018.8,20.2,25.0,15.7,,,,2025-03-20 12:20:00+00:00,42001
60,,,,1.1,6.0,3.6,128.0,,,,,,,,2025-03-20 12:10:00+00:00,42001
61,340.0,14.0,17.0,,,,,1018.6,20.5,25.0,16.5,,3.3,,2025-03-20 12:00:00+00:00,42001
62,340.0,13.0,17.0,0.9,6.0,3.7,146.0,1018.1,20.2,25.1,17.8,,,,2025-03-20 11:50:00+00:00,42001
63,330.0,13.0,17.0,,,,,1018.0,20.5,25.1,19.0,,,,2025-03-20 11:40:00+00:00,42001
64,330.0,12.0,14.0,,,,,1017.8,20.7,25.1,19.5,,,,2025-03-20 11:30:00+00:00,42001
65,320.0,12.0,16.0,0.9,6.0,5.0,137.0,1017.5,21.6,25.1,19.5,,,,2025-03-20 11:20:00+00:00,42001
66,270.0,7.0,12.0,0.9,,5.0,137.0,1017.1,24.1,25.1,19.2,,,,2025-03-20 11:10:00+00:00,42001
67,240.0,6.0,7.0,,,,,1016.6,24.1,25.1,18.9,,1.5,,2025-03-20 11:00:00+00:00,42001
68,240.0,6.0,7.0,1.1,,5.2,132.0,1016.6,24.0,25.1,18.6,,,,2025-03-20 10:50:00+00:00,42001
69,240.0,6.0,7.0,1.1,,5.2,132.0,1016.1,24.0,25.1,18.8,,,,2025-03-20 10:40:00+00:00,42001
70,230.0,6.0,7.0,,,,,1016.0,24.0,25.1,18.4,,,,2025-03-20 10:30:00+00:00,42001
71,230.0,5.0,7.0,1.0,6.0,5.1,165.0,1015.7,24.0,25.2,18.8,,,,2025-03-20 10:20:00+00:00,42001
72,230.0,5.0,6.0,1.0,,5.1,165.0,1015.6,23.9,25.1,18.7,,,,2025-03-20 10:10:00+00:00,42001
73,220.0,5.0,6.0,,,,,1015.6,23.9,25.1,18.7,,-0.0,,2025-03-20 10:00:00+00:00,42001
74,210.0,5.0,6.0,1.0,6.0,5.1,137.0,1015.4,23.9,25.1,18.7,,,,2025-03-20 09:50:00+00:00,42001
75,210.0,5.0,6.0,1.0,,5.1,137.0,1015.2,23.9,25.2,18.5,,,,2025-03-20 09:40:00+00:00,42001
76,210.0,5.0,6.0,,,,,1015.3,23.9,25.2,18.3,,,,2025-03-20 09:30:00+00:00,42001
77,210.0,5.0,6.0,1.0,,5.2,138.0,1015.2,23.9,25.2,18.3,,,,2025-03-20 09:20:00+00:00,42001
78,,,,1.0,6.0,5.2,138.0,,,,,,,,2025-03-20 09:10:00+00:00,42001
79,200.0,5.0,6.0,,,,,1014.9,23.8,25.2,18.2,,-1.1,,2025-03-20 09:00:00+00:00,42001
80,200.0,5.0,6.0,1.0,,5.4,149.0,1014.7,23.9,25.3,18.5,,,,2025-03-20 08:50:00+00:00,42001
81,,,,1.0,6.0,5.4,149.0,,,,,,,,2025-03-20 08:40:00+00:00,42001
82,210.0,4.0,5.0,,,,,1014.9,23.9,25.3,18.4,,,,2025-03-20 08:30:00+00:00,42001
83,210.0,4.0,5.0,1.0,6.0,5.4,147.0,1015.2,23.9,25.3,18.4,,,,2025-03-20 08:20:00+00:00,42001
84,190.0,4.0,5.0,1.0,,5.4,147.0,1014.9,23.8,25.3,18.4,,,,2025-03-20 08:10:00+00:00,42001
85,180.0,4.0,5.0,,,,,1015.0,23.8,25.3,18.5,,-1.3,,2025-03-20 08:00:00+00:00,42001
86,180.0,4.0,5.0,1.0,6.0,5.4,140.0,1015.1,23.8,25.3,18.8,,,,2025-03-20 07:50:00+00:00,42001
87,180.0,4.0,5.0,,,,,1015.3,23.8,25.3,18.7,,,,2025-03-20 07:40:00+00:00,42001
88,190.0,4.0,5.0,,,,,1015.4,23.8,25.3,18.7,,,,2025-03-20 07:30:00+00:00,42001
89,180.0,4.0,5.0,1.1,6.0,5.4,160.0,1015.5,23.8,25.3,18.7,,,,2025-03-20 07:20:00+00:00,42001
90,180.0,4.0,4.0,1.1,,5.4,160.0,1015.7,23.8,25.3,18.6,,,,2025-03-20 07:10:00+00:00,42001
91,190.0,4.0,5.0,,,,,1015.7,23.8,25.3,18.8,,-0.8,,2025-03-20 07:00:00+00:00,42001
92,180.0,4.0,5.0,1.0,,5.4,157.0,1016.2,23.8,25.3,18.7,,,,2025-03-20 06:50:00+00:00,42001
93,180.0,4.0,5.0,1.0,,5.4,157.0,1015.9,23.8,25.3,18.9,,,,2025-03-20 06:40:00+00:00,42001
94,170.0,4.0,5.0,,,,,1015.9,23.8,25.3,18.9,,,,2025-03-20 06:30:00+00:00,42001
95,170.0,4.0,5.0,1.2,6.0,5.5,147.0,1016.0,23.8,25.3,19.0,,,,2025-03-20 06:20:00+00:00,42001
96,170.0,4.0,4.0,1.2,,5.5,147.0,1016.1,23.8,25.3,18.9,,,,2025-03-20 06:10:00+00:00,42001
97,160.0,4.0,5.0,,,,,1016.0,23.8,25.3,19.1,,-0.4,,2025-03-20 06:00:00+00:00,42001
98,170.0,4.0,5.0,1.0,6.0,5.4,146.0,1016.1,23.9,25.3,19.1,,,,2025-03-20 05:50:00+00:00,42001
99,160.0,4.0,5.0,,,,,1016.0,23.9,25.3,19.1,,,,2025-03-20 05:40:00+00:00,42001
100,170.0,4.0,5.0,,,,,1016.1,23.9,25.3,18.7,,,,2025-03-20 05:30:00+00:00,42001
101,170.0,3.0,4.0,1.1,6.0,5.4,155.0,1016.3,23.8,25.3,18.6,,,,2025-03-20 05:20:00+00:00,42001
102,150.0,3.0,4.0,1.1,,5.4,155.0,1016.4,23.9,25.3,19.4,,,,2025-03-20 05:10:00+00:00,42001
103,160.0,4.0,5.0,,,,,1016.4,23.9,25.3,19.3,,0.4,,2025-03-20 05:00:00+00:00,42001
104,160.0,3.0,4.0,1.1,6.0,5.4,152.0,1016.5,24.0,25.3,19.4,,,,2025-03-20 04:50:00+00:00,42001
105,150.0,4.0,5.0,,,,,1016.5,23.9,25.3,18.9,,,,2025-03-20 04:40:00+00:00,42001
106,160.0,4.0,5.0,,,,,1016.4,24.0,25.3,19.0,,,,2025-03-20 04:30:00+00:00,42001
107,150.0,4.0,5.0,1.1,6.0,5.5,162.0,1016.5,24.0,25.3,18.8,,,,2025-03-20 04:20:00+00:00,42001
108,160.0,3.0,5.0,1.1,,5.5,162.0,1016.5,24.0,25.3,18.9,,,,2025-03-20 04:10:00+00:00,42001
109,150.0,4.0,5.0,,,,,1016.5,24.0,25.3,19.0,,1.3,,2025-03-20 04:00:00+00:00,42001
110,160.0,3.0,5.0,1.2,6.0,5.4,147.0,1016.4,24.0,25.4,19.0,,,,2025-03-20 03:50:00+00:00,42001
111,150.0,3.0,4.0,,,,,1016.4,24.0,25.4,19.0,,,,2025-03-20 03:40:00+00:00,42001
112,160.0,3.0,4.0,,,,,1016.5,24.0,25.4,19.0,,,,2025-03-20 03:30:00+00:00,42001
113,180.0,2.0,3.0,1.1,6.0,5.4,157.0,1016.5,24.0,25.4,18.6,,,,2025-03-20 03:20:00+00:00,42001
114,180.0,2.0,3.0,1.1,,5.4,157.0,1016.4,24.0,25.4,18.7,,,,2025-03-20 03:10:00+00:00,42001
115,160.0,2.0,3.0,,,,,1016.4,24.1,25.4,18.9,,1.7,,2025-03-20 03:00:00+00:00,42001
116,160.0,2.0,4.0,1.1,6.0,5.3,149.0,1016.3,24.0,25.4,18.7,,,,2025-03-20 02:50:00+00:00,42001
117,160.0,2.0,4.0,,,,,1016.2,24.0,25.4,18.8,,,,2025-03-20 02:40:00+00:00,42001
118,170.0,3.0,3.0,,,,,1016.1,24.1,25.4,18.9,,,,2025-03-20 02:30:00+00:00,42001
119,170.0,3.0,3.0,1.2,6.0,5.5,144.0,1016.1,24.1,25.4,19.0,,,,2025-03-20 02:20:00+00:00,42001
120,160.0,3.0,4.0,1.2,,5.5,144.0,1016.1,24.1,25.4,19.0,,,,2025-03-20 02:10:00+00:00,42001
121,160.0,3.0,4.0,,,,,1016.0,24.0,25.4,19.0,,1.4,,2025-03-20 02:00:00+00:00,42001
122,160.0,3.0,4.0,1.2,6.0,5.5,158.0,1015.9,24.0,25.4,19.0,,,,2025-03-20 01:50:00+00:00,42001
123,160.0,3.0,4.0,,,,,1015.8,24.1,25.4,19.2,,,,2025-03-20 01:40:00+00:00,42001
124,160.0,3.0,4.0,,,,,1015.7,24.1,25.4,19.0,,,,2025-03-20 01:30:00+00:00,42001
125,160.0,3.0,4.0,1.3,6.0,5.6,145.0,1015.4,24.1,25.5,19.0,,,,2025-03-20 01:20:00+00:00,42001
126,160.0,3.0,4.0,1.3,,5.6,145.0,1015.4,24.1,25.4,19.0,,,,2025-03-20 01:10:00+00:00,42001
127,160.0,3.0,5.0,,,,,1015.3,24.2,25.5,19.3,,0.7,,2025-03-20 01:00:00+00:00,42001
128,160.0,3.0,4.0,1.1,7.0,5.5,156.0,1015.2,24.2,25.4,19.2,,,,2025-03-20 00:50:00+00:00,42001
129,150.0,4.0,5.0,1.1,,5.5,156.0,1015.1,24.1,25.5,18.9,,,,2025-03-20 00:40:00+00:00,42001
130,160.0,4.0,5.0,,,,,1015.0,24.1,25.5,19.2,,,,2025-03-20 00:30:00+00:00,42001
131,160.0,4.0,7.0,1.2,7.0,5.5,156.0,1014.8,24.3,25.5,19.4,,,,2025-03-20 00:20:00+00:00,42001
132,160.0,4.0,7.0,1.2,,5.5,156.0,1014.5,24.2,25.5,19.0,,,,2025-03-20 00:10:00+00:00,42001
133,160.0,3.0,4.0,,,,,1014.7,24.2,25.5,19.2,,0.0,,2025-03-20 00:00:00+00:00,42001
134,160.0,4.0,5.0,1.3,,5.5,156.0,1014.7,24.3,25.5,19.5,,,,2025-03-19 23:50:00+00:00,42001
135,,,,1.3,7.0,5.5,156.0,,,,,,,,2025-03-19 23:40:00+00:00,42001
136,170.0,4.0,5.0,,,,,1014.5,24.4,25.5,19.4,,,,2025-03-19 23:30:00+00:00,42001
137,170.0,3.0,5.0,1.2,7.0,5.5,162.0,1014.6,24.4,25.5,19.3,,,,2025-03-19 23:20:00+00:00,42001
138,170.0,4.0,5.0,1.2,,5.5,162.0,1014.5,24.4,25.5,19.1,,,,2025-03-19 23:10:00+00:00,42001
139,160.0,4.0,5.0,,,,,1014.5,24.4,25.5,19.3,,-0.6,,2025-03-19 23:00:00+00:00,42001
140,170.0,4.0,5.0,1.4,6.0,5.6,163.0,1014.4,24.4,25.5,19.1,,,,2025-03-19 22:50:00+00:00,42001
141,160.0,4.0,5.0,,,,,1014.3,24.3,,18.8,,,,2025-03-19 22:40:00+00:00,42001
142,160.0,4.0,5.0,,,,,1014.2,24.3,25.5,18.9,,,,2025-03-19 22:30:00+00:00,42001
143,180.0,4.0,5.0,1.4,7.0,5.6,159.0,1014.3,24.4,25.5,19.2,,,,2025-03-19 22:20:00+00:00,42001
144,180.0,3.0,4.0,1.4,,5.6,159.0,1014.5,24.4,25.5,19.1,,,,2025-03-19 22:10:00+00:00,42001
145,190.0,3.0,4.0,,,,,1014.4,24.5,25.5,19.0,,,,2025-03-19 22:00:00+00:00,42001
146,210.0,3.0,5.0,1.5,,5.6,156.0,1014.6,24.4,25.5,18.9,,,,2025-03-19 21:50:00+00:00,42001
147,,,,1.5,6.0,5.6,156.0,,,,,,,,2025-03-19 21:40:00+00:00,42001
148,190.0,4.0,5.0,,,,,1014.5,24.3,25.5,18.9,,,,2025-03-19 21:30:00+00:00,42001
149,180.0,4.0,5.0,1.4,,5.6,153.0,1014.4,24.3,25.5,18.9,,,,2025-03-19 21:20:00+00:00,42001
150,180.0,4.0,5.0,1.4,,5.6,153.0,1014.5,24.3,25.4,19.2,,,,2025-03-19 21:10:00+00:00,42001
151,180.0,3.0,5.0,1.4,,5.6,153.0,1014.5,24.3,25.5,18.9,,,,2025-03-19 21:00:00+00:00,42001
152,180.0,4.0,5.0,1.3,7.0,5.5,172.0,1014.5,24.3,25.4,18.8,,,,2025-03-19 20:50:00+00:00,42001
153,180.0,4.0,6.0,,,,,1014.5,24.3,25.4,19.2,,,,2025-03-19 20:40:00+00:00,42001
154,170.0,4.0,6.0,,,,,1014.6,24.3,25.4,19.2,,,,2025-03-19 20:30:00+00:00,42001
155,180.0,5.0,6.0,1.3,6.0,5.5,154.0,1014.7,24.3,25.4,19.1,,,,2025-03-19 20:20:00+00:00,42001
156,180.0,5.0,6.0,,,,,1014.9,24.3,25.4,18.9,,,,2025-03-19 20:10:00+00:00,42001
157,190.0,4.0,6.0,,,,,1015.1,24.3,25.4,19.2,,-1.2,,2025-03-19 20:00:00+00:00,42001
158,180.0,5.0,7.0,1.4,,5.5,155.0,1015.1,24.3,25.4,19.3,,,,2025-03-19 19:50:00+00:00,42001
159,,,,1.4,6.0,5.5,155.0,,,,,,,,2025-03-19 19:40:00+00:00,42001
160,180.0,5.0,8.0,,,,,1015.2,24.2,25.3,19.3,,,,2025-03-19 19:30:00+00:00,42001
161,180.0,6.0,7.0,1.4,,5.4,167.0,1015.2,24.2,25.3,19.1,,,,2025-03-19 19:20:00+00:00,42001
162,,,,1.4,7.0,5.4,167.0,,,,,,,,2025-03-19 19:10:00+00:00,42001
163,180.0,5.0,6.0,,,,,1015.7,24.2,25.3,19.3,,-0.7,,2025-03-19 19:00:00+00:00,42001
164,170.0,5.0,7.0,1.6,6.0,5.5,160.0,1016.0,24.1,25.2,19.0,,,,2025-03-19 18:50:00+00:00,42001
165,170.0,6.0,8.0,1.6,,5.5,160.0,1015.8,24.1,25.3,19.4,,,,2025-03-19 18:40:00+00:00,42001
166,170.0,7.0,9.0,,,,,1015.5,24.1,25.2,19.5,,,,2025-03-19 18:30:00+00:00,42001
167,160.0,7.0,9.0,1.5,7.0,5.4,163.0,1015.6,24.0,25.2,19.1,,,,2025-03-19 18:20:00+00:00,42001
168,170.0,7.0,9.0,,,,,1015.7,24.0,25.2,19.1,,,,2025-03-19 18:10:00+00:00,42001
169,170.0,7.0,9.0,,,,,1015.8,24.0,25.2,19.4,,0.0,,2025-03-19 18:00:00+00:00,42001
170,170.0,7.0,9.0,1.5,7.0,5.4,159.0,1015.8,24.0,25.2,19.4,,,,2025-03-19 17:50:00+00:00,42001
171,160.0,8.0,10.0,,,,,1015.9,24.0,25.2,19.3,,,,2025-03-19 17:40:00+00:00,42001
172,170.0,9.0,10.0,,,,,1016.3,23.9,,19.1,,,,2025-03-19 17:30:00+00:00,42001
173,160.0,8.0,10.0,1.5,6.0,5.4,156.0,1016.2,23.9,25.1,19.2,,,,2025-03-19 17:20:00+00:00,42001
174,170.0,8.0,11.0,,,,,1016.3,23.9,25.1,19.0,,,,2025-03-19 17:10:00+00:00,42001
175,170.0,8.0,9.0,,,,,1016.4,23.9,25.1,19.3,,,,2025-03-19 17:00:00+00:00,42001
176,170.0,8.0,10.0,1.6,,5.4,156.0,1016.4,23.9,25.1,19.3,,,,2025-03-19 16:50:00+00:00,42001
177,,,,1.6,7.0,5.4,156.0,,,,,,,,2025-03-19 16:40:00+00:00,42001
178,160.0,9.0,10.0,,,,,1016.4,,25.1,,,,,2025-03-19 16:30:00+00:00,42001
179,170.0,8.0,10.0,1.5,6.0,5.5,150.0,1016.5,23.8,25.1,19.1,,,,2025-03-19 16:20:00+00:00,42001
180,160.0,8.0,10.0,1.5,,5.5,150.0,1016.6,23.8,25.1,19.2,,,,2025-03-19 16:10:00+00:00,42001
181,160.0,8.0,10.0,,,,,1016.6,23.7,25.1,19.3,,0.5,,2025-03-19 16:00:00+00:00,42001
182,160.0,8.0,11.0,1.7,7.0,5.5,164.0,1016.5,23.7,25.1,19.3,,,,2025-03-19 15:50:00+00:00,42001
183,160.0,9.0,10.0,,,,,1016.4,23.7,25.1,19.4,,,,2025-03-19 15:40:00+00:00,42001
184,150.0,9.0,11.0,,,,,1016.3,23.6,25.1,19.3,,,,2025-03-19 15:30:00+00:00,42001
185,160.0,9.0,11.0,1.5,7.0,5.4,150.0,1016.2,23.6,25.1,19.2,,,,2025-03-19 15:20:00+00:00,42001
186,150.0,9.0,11.0,1.5,,5.4,150.0,1016.2,23.6,25.1,19.2,,,,2025-03-19 15:10:00+00:00,42001
187,160.0,9.0,11.0,,,,,1016.3,23.5,25.1,18.9,,0.7,,2025-03-19 15:00:00+00:00,42001
188,160.0,8.0,10.0,1.5,7.0,5.5,155.0,1016.3,23.6,25.1,19.2,,,,2025-03-19 14:50:00+00:00,42001
189,150.0,8.0,10.0,,,,,1016.4,23.5,25.1,18.9,,,,2025-03-19 14:40:00+00:00,42001
190,150.0,9.0,11.0,,,,,1016.4,23.4,25.0,18.6,,,,2025-03-19 14:30:00+00:00,42001
191,150.0,8.0,10.0,1.4,7.0,5.4,156.0,1016.5,23.4,25.0,18.8,,,,2025-03-19 14:20:00+00:00,42001
192,150.0,8.0,10.0,1.4,,5.4,156.0,1016.3,23.4,25.0,18.8,,,,2025-03-19 14:10:00+00:00,42001
193,150.0,8.0,10.0,,,,,1016.3,23.4,25.0,18.8,,1.6,,2025-03-19 14:00:00+00:00,42001
194,150.0,8.0,10.0,1.5,7.0,5.4,153.0,1016.3,23.3,25.0,18.4,,,,2025-03-19 13:50:00+00:00,42001
195,150.0,8.0,10.0,,,,,1016.2,23.4,24.9,18.6,,,,2025-03-19 13:40:00+00:00,42001
196,150.0,8.0,10.0,,,,,1016.3,23.4,24.9,18.7,,,,2025-03-19 13:30:00+00:00,42001
197,150.0,8.0,9.0,1.4,7.0,5.3,144.0,1016.2,23.2,24.9,18.4,,,,2025-03-19 13:20:00+00:00,42001
198,150.0,7.0,9.0,1.4,,5.3,144.0,1016.2,23.2,24.8,18.6,,,,2025-03-19 13:10:00+00:00,42001
199,140.0,8.0,9.0,,,,,1016.1,23.3,24.8,18.8,,1.6,,2025-03-19 13:00:00+00:00,42001
200,150.0,8.0,10.0,1.4,6.0,5.3,145.0,1016.1,23.2,24.8,18.5,,,,2025-03-19 12:50:00+00:00,42001
201,140.0,8.0,10.0,1.4,,5.3,145.0,1015.9,23.1,24.8,18.4,,,,2025-03-19 12:40:00+00:00,42001
202,140.0,8.0,10.0,,,,,1015.7,23.1,24.7,18.2,,,,2025-03-19 12:30:00+00:00,42001
203,150.0,8.0,10.0,1.5,7.0,5.4,143.0,1015.7,23.1,24.7,18.2,,,,2025-03-19 12:20:00+00:00,42001
204,150.0,8.0,10.0,1.5,,5.4,143.0,1015.6,23.0,24.6,18.1,,,,2025-03-19 12:10:00+00:00,42001
205,150.0,8.0,10.0,,,,,1015.5,23.0,24.5,18.1,,0.4,,2025-03-19 12:00:00+00:00,42001
206,150.0,8.0,10.0,1.7,6.0,5.5,143.0,1015.4,22.9,24.3,18.1,,,,2025-03-19 11:50:00+00:00,42001
207,150.0,8.0,10.0,1.7,,5.5,143.0,1015.2,22.9,24.1,18.0,,,,2025-03-19 11:40:00+00:00,42001
208,150.0,8.0,11.0,,,,,1015.1,23.0,23.9,18.0,,,,2025-03-19 11:30:00+00:00,42001
209,150.0,9.0,11.0,1.4,6.0,5.2,149.0,1015.1,23.0,23.9,17.3,,,,2025-03-19 11:20:00+00:00,42001
210,140.0,8.0,10.0,,,,,1014.8,22.9,23.6,17.7,,,,2025-03-19 11:10:00+00:00,42001
211,140.0,9.0,11.0,,,,,1014.8,22.8,23.4,17.4,,-0.9,,2025-03-19 11:00:00+00:00,42001
212,140.0,8.0,10.0,1.5,7.0,5.3,149.0,1014.7,22.9,23.5,17.6,,,,2025-03-19 10:50:00+00:00,42001
213,140.0,9.0,11.0,1.5,,5.3,149.0,1014.5,22.9,23.5,17.3,,,,2025-03-19 10:40:00+00:00,42001
214,140.0,9.0,11.0,,,,,1014.5,22.9,23.5,17.6,,,,2025-03-19 10:30:00+00:00,42001
215,140.0,9.0,11.0,1.5,6.0,5.1,122.0,1014.5,22.8,23.5,17.7,,,,2025-03-19 10:20:00+00:00,42001
216,140.0,9.0,11.0,,,,,1014.5,22.9,23.5,18.1,,,,2025-03-19 10:10:00+00:00,42001
217,140.0,9.0,11.0,,,,,1014.6,22.9,23.6,17.9,,-1.8,,2025-03-19 10:00:00+00:00,42001
218,150.0,9.0,11.0,1.6,6.0,5.2,141.0,1014.5,22.9,23.6,17.6,,,,2025-03-19 09:50:00+00:00,42001
219,150.0,9.0,12.0,,,,,1014.7,22.9,23.6,17.7,,,,2025-03-19 09:40:00+00:00,42001
220,150.0,9.0,11.0,,,,,1014.7,22.9,23.7,17.5,,,,2025-03-19 09:30:00+00:00,42001
221,150.0,9.0,11.0,1.5,6.0,5.1,143.0,1014.6,22.9,23.8,17.4,,,,2025-03-19 09:20:00+00:00,42001
222,150.0,9.0,11.0,1.5,,5.1,143.0,1014.7,22.8,23.8,17.3,,,,2025-03-19 09:10:00+00:00,42001
223,140.0,9.0,12.0,,,,,1014.7,22.9,23.8,17.4,,-1.9,,2025-03-19 09:00:00+00:00,42001
224,150.0,9.0,11.0,1.5,6.0,5.1,148.0,1014.9,22.9,23.9,17.2,,,,2025-03-19 08:50:00+00:00,42001
225,140.0,9.0,12.0,1.5,,5.1,148.0,1014.9,22.9,23.9,17.1,,,,2025-03-19 08:40:00+00:00,42001
226,140.0,9.0,12.0,,,,,1015.1,22.9,24.0,17.3,,,,2025-03-19 08:30:00+00:00,42001
227,150.0,10.0,12.0,1.4,6.0,5.0,135.0,1015.0,22.9,,17.3,,,,2025-03-19 08:20:00+00:00,42001
228,150.0,10.0,12.0,1.4,,5.0,135.0,1015.2,22.8,24.1,17.0,,,,2025-03-19 08:10:00+00:00,42001
229,140.0,9.0,12.0,,,,,1015.3,22.9,24.1,17.4,,-1.5,,2025-03-19 08:00:00+00:00,42001
230,150.0,9.0,12.0,1.4,6.0,5.0,140.0,1015.5,22.9,24.1,17.3,,,,2025-03-19 07:50:00+00:00,42001
231,140.0,9.0,11.0,1.4,,5.0,140.0,1015.6,22.9,24.1,17.3,,,,2025-03-19 07:40:00+00:00,42001
232,150.0,9.0,11.0,,,,,1015.8,22.9,24.1,17.2,,,,2025-03-19 07:30:00+00:00,42001
233,140.0,9.0,11.0,1.4,6.0,4.9,131.0,1015.8,22.9,24.2,17.2,,,,2025-03-19 07:20:00+00:00,42001
234,140.0,9.0,11.0,,,,,1015.9,22.9,24.2,17.0,,,,2025-03-19 07:10:00+00:00,42001
235,150.0,9.0,12.0,1.4,,4.9,131.0,1016.0,22.9,24.3,17.1,,-1.5,,2025-03-19 07:00:00+00:00,42001
236,140.0,10.0,12.0,1.3,6.0,5.0,136.0,1016.0,22.9,,17.5,,,,2025-03-19 06:50:00+00:00,42001
237,150.0,9.0,11.0,1.3,,5.0,136.0,1016.2,22.9,24.4,17.1,,,,2025-03-19 06:40:00+00:00,42001
238,140.0,9.0,12.0,,,,,1016.4,22.9,24.5,17.4,,,,2025-03-19 06:30:00+00:00,42001
239,140.0,9.0,11.0,1.2,6.0,4.8,141.0,1016.6,22.9,24.6,17.7,,,,2025-03-19 06:20:00+00:00,42001
240,150.0,9.0,12.0,1.2,,4.8,141.0,1016.6,22.9,24.7,17.7,,,,2025-03-19 06:10:00+00:00,42001
241,150.0,9.0,11.0,,,,,1016.8,22.9,24.7,17.6,,-1.5,,2025-03-19 06:00:00+00:00,42001
242,140.0,9.0,11.0,1.3,6.0,4.8,142.0,1016.9,22.9,24.8,17.4,,,,2025-03-19 05:50:00+00:00,42001
243,140.0,9.0,11.0,,,,,1017.0,23.0,24.8,17.5,,,,2025-03-19 05:40:00+00:00,42001
244,150.0,9.0,11.0,,,,,1017.0,23.0,24.9,17.9,,,,2025-03-19 05:30:00+00:00,42001
245,150.0,9.0,11.0,1.1,6.0,4.7,138.0,1017.1,23.0,24.9,17.8,,,,2025-03-19 05:20:00+00:00,42001
246,140.0,9.0,12.0,1.1,,4.7,138.0,1017.1,22.9,24.9,17.6,,,,2025-03-19 05:10:00+00:00,42001
247,130.0,10.0,12.0,,,,,1017.2,22.9,24.9,17.3,,-1.1,,2025-03-19 05:00:00+00:00,42001
248,150.0,10.0,12.0,1.1,5.0,4.7,125.0,1017.3,22.9,24.9,17.2,,,,2025-03-19 04:50:00+00:00,42001
249,140.0,9.0,11.0,,,,,1017.4,23.0,24.9,17.4,,,,2025-03-19 04:40:00+00:00,42001
250,140.0,10.0,12.0,,,,,1017.6,22.9,24.8,17.0,,,,2025-03-19 04:30:00+00:00,42001
251,130.0,9.0,12.0,1.0,5.0,4.6,140.0,1017.7,23.0,24.8,17.5,,,,2025-03-19 04:20:00+00:00,42001
252,140.0,8.0,12.0,1.0,,4.6,140.0,1017.8,23.0,24.7,17.6,,,,2025-03-19 04:10:00+00:00,42001
253,140.0,9.0,11.0,,,,,1017.9,23.0,24.8,17.5,,-0.4,,2025-03-19 04:00:00+00:00,42001
254,140.0,8.0,10.0,1.0,5.0,4.6,126.0,1018.2,23.0,24.8,17.3,,,,2025-03-19 03:50:00+00:00,42001
255,150.0,9.0,11.0,,,,,1018.2,23.0,24.9,17.2,,,,2025-03-19 03:40:00+00:00,42001
256,150.0,8.0,10.0,,,,,1018.4,23.0,24.9,17.2,,,,2025-03-19 03:30:00+00:00,42001
257,140.0,8.0,10.0,1.0,5.0,4.6,136.0,1018.4,23.0,25.0,17.1,,,,2025-03-19 03:20:00+00:00,42001
258,130.0,8.0,10.0,1.0,,4.6,136.0,1018.4,23.0,25.0,17.1,,,,2025-03-19 03:10:00+00:00,42001
259,140.0,8.0,10.0,,,,,1018.4,23.0,25.1,17.2,,-0.0,,2025-03-19 03:00:00+00:00,42001
260,140.0,8.0,10.0,0.8,5.0,4.5,124.0,1018.3,22.9,25.1,17.2,,,,2025-03-19 02:50:00+00:00,42001
261,140.0,8.0,10.0,,,,,1018.3,22.9,25.1,17.2,,,,2025-03-19 02:40:00+00:00,42001
262,130.0,8.0,10.0,,,,,1018.4,22.9,25.1,17.1,,,,2025-03-19 02:30:00+00:00,42001
263,130.0,8.0,10.0,0.8,5.0,4.5,138.0,1018.4,23.0,25.1,17.2,,,,2025-03-19 02:20:00+00:00,42001
264,130.0,7.0,10.0,0.8,,4.5,138.0,1018.4,22.9,25.1,17.2,,,,2025-03-19 02:10:00+00:00,42001
265,130.0,8.0,10.0,,,,,1018.3,22.8,25.1,16.9,,-0.6,,2025-03-19 02:00:00+00:00,42001
266,130.0,8.0,11.0,0.8,5.0,4.4,125.0,1018.2,22.9,25.1,17.3,,,,2025-03-19 01:50:00+00:00,42001
267,130.0,8.0,10.0,0.8,,4.4,125.0,1018.3,22.8,25.1,17.0,,,,2025-03-19 01:40:00+00:00,42001
268,130.0,7.0,9.0,,,,,1018.3,22.7,25.1,16.7,,,,2025-03-19 01:30:00+00:00,42001
269,130.0,8.0,10.0,,,,,1018.3,22.8,,16.9,,,,2025-03-19 01:20:00+00:00,42001
270,130.0,7.0,9.0,,,,,1018.3,22.8,25.1,17.0,,,,2025-03-19 01:10:00+00:00,42001
271,140.0,7.0,9.0,,,,,1018.3,22.8,25.1,17.0,,-1.0,,2025-03-19 01:00:00+00:00,42001
272,140.0,7.0,9.0,0.7,5.0,4.4,121.0,1018.3,22.7,25.1,16.7,,,,2025-03-19 00:50:00+00:00,42001
273,130.0,7.0,9.0,,,,,1018.4,22.7,25.1,16.7,,,,2025-03-19 00:40:00+00:00,42001
274,130.0,7.0,8.0,,,,,1018.5,22.7,25.1,16.7,,,,2025-03-19 00:30:00+00:00,42001
275,130.0,7.0,9.0,0.7,4.0,4.3,129.0,1018.4,22.6,25.1,16.4,,,,2025-03-19 00:20:00+00:00,42001
276,140.0,7.0,9.0,0.7,,4.3,129.0,1018.5,22.7,25.0,16.5,,,,2025-03-19 00:10:00+00:00,42001
277,130.0,7.0,9.0,,,,,1018.6,22.6,25.0,16.1,,-1.1,,2025-03-19 00:00:00+00:00,42001
278,130.0,6.0,8.0,0.7,5.0,4.4,105.0,1018.5,22.6,25.0,16.3,,,,2025-03-18 23:50:00+00:00,42001
279,130.0,6.0,9.0,,,,,1018.6,22.7,25.1,16.5,,,,2025-03-18 23:40:00+00:00,42001
280,130.0,7.0,8.0,0.7,7.0,4.5,139.0,1018.7,22.7,25.0,16.2,,,,2025-03-18 23:20:00+00:00,42001
281,130.0,6.0,8.0,0.7,,4.5,139.0,1018.8,22.6,25.1,16.0,,,,2025-03-18 23:10:00+00:00,42001
282,120.0,6.0,8.0,,,,,1018.8,22.6,25.1,16.0,,-1.2,,2025-03-18 23:00:00+00:00,42001
283,130.0,6.0,8.0,0.6,,4.4,124.0,1019.0,22.5,25.1,16.0,,,,2025-03-18 22:50:00+00:00,42001
284,,,,0.6,6.0,4.4,124.0,,,,,,,,2025-03-18 22:40:00+00:00,42001
285,130.0,6.0,7.0,,,,,1019.1,22.5,25.1,16.0,,,,2025-03-18 22:30:00+00:00,42001
286,130.0,5.0,7.0,0.6,6.0,4.4,115.0,1019.1,22.5,25.1,16.0,,,,2025-03-18 22:20:00+00:00,42001
287,140.0,5.0,7.0,,,,,1019.2,22.5,25.1,16.2,,,,2025-03-18 22:10:00+00:00,42001
288,130.0,5.0,7.0,,,,,1019.2,22.4,25.1,15.8,,-1.8,,2025-03-18 22:00:00+00:00,42001
289,130.0,5.0,7.0,0.7,5.0,4.5,108.0,1019.2,22.4,25.1,15.9,,,,2025-03-18 21:50:00+00:00,42001
290,120.0,5.0,7.0,,,,,1019.3,22.4,25.1,15.7,,,,2025-03-18 21:40:00+00:00,42001
291,130.0,5.0,7.0,,,,,1019.3,22.3,25.1,15.7,,,,2025-03-18 21:30:00+00:00,42001
292,120.0,4.0,6.0,0.6,6.0,4.5,90.0,1019.4,22.3,25.1,15.8,,,,2025-03-18 21:20:00+00:00,42001
293,120.0,5.0,7.0,0.6,,4.5,90.0,1019.6,22.3,25.1,15.6,,,,2025-03-18 21:10:00+00:00,42001
294,130.0,5.0,6.0,,,,,1019.6,22.3,25.1,15.4,,-2.3,,2025-03-18 21:00:00+00:00,42001
295,120.0,5.0,6.0,0.6,7.0,4.4,127.0,1019.6,22.3,25.1,15.7,,,,2025-03-18 20:50:00+00:00,42001
296,120.0,5.0,7.0,,,,,1019.7,22.2,25.1,15.4,,,,2025-03-18 20:40:00+00:00,42001
297,120.0,5.0,6.0,,,,,1019.8,22.3,25.1,15.8,,,,2025-03-18 20:30:00+00:00,42001
298,110.0,5.0,7.0,0.7,7.0,4.4,136.0,1019.8,22.2,25.1,15.4,,,,2025-03-18 20:20:00+00:00,42001
299,130.0,5.0,7.0,,,,,1019.9,22.2,25.1,15.4,,,,2025-03-18 20:10:00+00:00,42001
300,120.0,5.0,7.0,0.7,,4.4,136.0,1019.9,22.1,,15.2,,-3.0,,2025-03-18 20:00:00+00:00,42001
301,110.0,6.0,7.0,0.7,,4.5,84.0,1019.9,22.1,25.1,15.3,,,,2025-03-18 19:50:00+00:00,42001
302,,,,0.7,6.0,4.5,84.0,,,,,,,,2025-03-18 19:40:00+00:00,42001
303,120.0,5.0,8.0,,,,,1020.3,22.0,25.1,15.5,,,,2025-03-18 19:30:00+00:00,42001
304,120.0,5.0,7.0,0.7,,4.5,106.0,1020.5,22.0,25.1,15.3,,,,2025-03-18 19:20:00+00:00,42001
305,,,,0.7,6.0,4.5,106.0,,,,,,,,2025-03-18 19:10:00+00:00,42001
306,120.0,5.0,7.0,,,,,1020.9,21.9,25.1,15.0,,-2.5,,2025-03-18 19:00:00+00:00,42001
307,120.0,5.0,6.0,0.6,7.0,4.5,143.0,1021.1,21.9,25.1,15.0,,,,2025-03-18 18:50:00+00:00,42001
308,120.0,5.0,7.0,,,,,1021.3,22.0,25.1,15.4,,,,2025-03-18 18:40:00+00:00,42001
309,120.0,5.0,7.0,,,,,1021.4,21.8,25.1,15.0,,,,2025-03-18 18:30:00+00:00,42001
310,120.0,5.0,9.0,0.6,6.0,4.3,92.0,1021.6,21.9,25.1,15.3,,,,2025-03-18 18:20:00+00:00,42001
311,120.0,4.0,6.0,,,,,1021.7,21.8,25.1,15.2,,,,2025-03-18 18:10:00+00:00,42001
312,110.0,5.0,7.0,,,,,1021.9,21.7,25.1,15.3,,-1.3,,2025-03-18 18:00:00+00:00,42001
313,110.0,5.0,7.0,0.7,,4.4,69.0,1021.9,,25.0,,,,,2025-03-18 17:50:00+00:00,42001
314,100.0,5.0,7.0,,,,,1022.0,21.5,25.0,15.0,,,,2025-03-18 17:40:00+00:00,42001
315,100.0,5.0,7.0,,,,,1022.2,21.4,25.0,14.7,,,,2025-03-18 17:30:00+00:00,42001
316,100.0,5.0,7.0,0.6,7.0,4.5,93.0,1022.5,21.3,25.0,14.7,,,,2025-03-18 17:20:00+00:00,42001
317,100.0,5.0,7.0,0.6,,4.5,93.0,1022.7,21.3,25.0,14.7,,,,2025-03-18 17:10:00+00:00,42001
318,100.0,5.0,6.0,,,,,1022.8,21.3,24.9,14.6,,0.0,,2025-03-18 17:00:00+00:00,42001
319,100.0,5.0,7.0,0.6,7.0,4.4,84.0,1023.0,21.3,24.9,14.5,,,,2025-03-18 16:50:00+00:00,42001
320,100.0,4.0,6.0,0.6,,4.4,84.0,1023.2,21.2,24.9,14.6,,,,2025-03-18 16:40:00+00:00,42001
321,100.0,4.0,6.0,,,,,1023.3,21.0,24.9,14.0,,,,2025-03-18 16:30:00+00:00,42001
322,100.0,4.0,7.0,0.6,6.0,4.5,80.0,1023.3,21.1,24.8,14.2,,,,2025-03-18 16:20:00+00:00,42001
323,100.0,4.0,6.0,0.6,,4.5,80.0,1023.3,21.0,24.8,14.0,,,,2025-03-18 16:10:00+00:00,42001
324,100.0,4.0,7.0,,,,,1023.3,21.0,24.8,13.9,,0.5,,2025-03-18 16:00:00+00:00,42001
325,100.0,4.0,6.0,0.6,6.0,4.4,76.0,1023.4,21.0,24.8,13.7,,,,2025-03-18 15:50:00+00:00,42001
326,90.0,4.0,5.0,,,,,1023.5,20.9,24.8,13.6,,,,2025-03-18 15:40:00+00:00,42001
327,110.0,5.0,6.0,,,,,1023.4,20.9,24.8,13.6,,,,2025-03-18 15:30:00+00:00,42001
328,100.0,4.0,5.0,0.7,6.0,4.7,55.0,1023.4,20.9,24.8,13.4,,,,2025-03-18 15:20:00+00:00,42001
329,90.0,5.0,8.0,0.7,,4.7,55.0,1023.4,20.8,24.8,13.4,,,,2025-03-18 15:10:00+00:00,42001
330,100.0,5.0,6.0,,,,,1023.2,20.8,24.7,13.5,,0.7,,2025-03-18 15:00:00+00:00,42001
331,90.0,5.0,7.0,0.7,6.0,4.5,71.0,1023.2,20.8,24.7,13.5,,,,2025-03-18 14:50:00+00:00,42001
332,100.0,4.0,6.0,,,,,1023.2,20.7,24.7,13.2,,,,2025-03-18 14:40:00+00:00,42001
333,80.0,4.0,6.0,,,,,1023.1,20.5,24.8,13.0,,,,2025-03-18 14:30:00+00:00,42001
334,90.0,5.0,6.0,0.7,7.0,4.7,58.0,1023.0,20.6,24.8,13.2,,,,2025-03-18 14:20:00+00:00,42001
335,100.0,4.0,6.0,0.7,,4.7,58.0,1023.0,20.5,24.9,12.8,,,,2025-03-18 14:10:00+00:00,42001
336,90.0,4.0,7.0,,,,,1023.0,20.6,24.9,13.1,,0.5,,2025-03-18 14:00:00+00:00,42001
337,90.0,4.0,6.0,0.7,6.0,4.7,65.0,1023.0,20.5,24.9,12.6,,,,2025-03-18 13:50:00+00:00,42001
338,90.0,4.0,6.0,,,,,1023.0,20.4,24.9,12.5,,,,2025-03-18 13:40:00+00:00,42001
339,80.0,4.0,6.0,,,,,1022.9,20.3,24.9,12.3,,,,2025-03-18 13:30:00+00:00,42001
340,100.0,4.0,6.0,0.7,7.0,4.8,51.0,1022.9,20.3,24.9,12.3,,,,2025-03-18 13:20:00+00:00,42001
341,100.0,4.0,5.0,0.7,,4.8,51.0,1022.7,20.3,24.9,12.2,,,,2025-03-18 13:10:00+00:00,42001
342,90.0,4.0,6.0,,,,,1022.8,20.2,24.8,12.2,,0.8,,2025-03-18 13:00:00+00:00,42001
343,90.0,4.0,5.0,0.7,7.0,4.8,69.0,1022.7,20.1,24.8,11.9,,,,2025-03-18 12:50:00+00:00,42001
344,90.0,4.0,6.0,,,,,1022.5,20.1,24.8,11.9,,,,2025-03-18 12:40:00+00:00,42001
345,70.0,4.0,6.0,,,,,1022.5,20.0,24.8,12.1,,,,2025-03-18 12:30:00+00:00,42001
346,90.0,4.0,6.0,0.7,7.0,4.8,35.0,1022.5,19.9,24.8,11.9,,,,2025-03-18 12:20:00+00:00,42001
347,80.0,5.0,6.0,0.7,,4.8,35.0,1022.5,19.8,24.8,11.9,,,,2025-03-18 12:10:00+00:00,42001
348,80.0,4.0,6.0,,,,,1022.5,19.8,24.8,11.6,,0.4,,2025-03-18 12:00:00+00:00,42001
349,80.0,5.0,7.0,0.7,,4.9,60.0,1022.5,19.9,24.8,11.9,,,,2025-03-18 11:50:00+00:00,42001
350,,,,0.7,7.0,4.9,60.0,,,,,,,,2025-03-18 11:40:00+00:00,42001
351,70.0,4.0,6.0,,,,,1022.7,19.8,24.7,11.5,,,,2025-03-18 11:30:00+00:00,42001
352,80.0,4.0,6.0,0.7,7.0,5.0,78.0,1022.6,19.8,24.7,11.5,,,,2025-03-18 11:20:00+00:00,42001
353,70.0,5.0,7.0,0.7,,5.0,78.0,1022.6,19.8,24.7,11.7,,,,2025-03-18 11:10:00+00:00,42001
354,70.0,5.0,6.0,,,,,1022.5,19.7,24.7,11.3,,-0.0,,2025-03-18 11:00:00+00:00,42001
355,60.0,5.0,6.0,0.8,6.0,5.1,73.0,1022.4,19.7,24.6,11.1,,,,2025-03-18 10:50:00+00:00,42001
356,70.0,5.0,7.0,,,,,1022.3,19.8,24.6,11.4,,,,2025-03-18 10:40:00+00:00,42001
357,60.0,4.0,6.0,,,,,1022.2,19.7,24.6,11.2,,,,2025-03-18 10:30:00+00:00,42001
358,70.0,5.0,7.0,0.8,7.0,5.3,69.0,1022.1,19.7,24.6,11.3,,,,2025-03-18 10:20:00+00:00,42001
359,60.0,4.0,7.0,0.8,,5.3,69.0,1022.1,19.6,24.6,11.3,,,,2025-03-18 10:10:00+00:00,42001
360,60.0,5.0,7.0,,,,,1022.1,19.7,24.6,11.1,,-1.0,,2025-03-18 10:00:00+00:00,42001
361,70.0,5.0,7.0,0.8,7.0,5.1,48.0,1022.0,19.6,24.6,11.0,,,,2025-03-18 09:50:00+00:00,42001
362,60.0,5.0,8.0,0.8,,5.1,48.0,1022.1,19.6,24.6,10.9,,,,2025-03-18 09:40:00+00:00,42001
363,60.0,5.0,7.0,,,,,1022.1,19.6,24.5,11.0,,,,2025-03-18 09:30:00+00:00,42001
364,50.0,5.0,7.0,0.8,7.0,5.3,47.0,1022.1,19.6,24.5,11.1,,,,2025-03-18 09:20:00+00:00,42001
365,50.0,5.0,7.0,,,,,1022.2,19.6,24.5,10.9,,,,2025-03-18 09:10:00+00:00,42001
366,60.0,5.0,7.0,,,,,1022.2,19.6,24.5,11.0,,-1.5,,2025-03-18 09:00:00+00:00,42001
367,60.0,5.0,7.0,0.8,7.0,5.2,41.0,1022.2,19.5,24.5,10.6,,,,2025-03-18 08:50:00+00:00,42001
368,50.0,5.0,7.0,0.8,,5.2,41.0,1022.4,19.5,24.4,10.5,,,,2025-03-18 08:40:00+00:00,42001
369,60.0,5.0,7.0,,,,,1022.5,19.6,24.4,10.6,,,,2025-03-18 08:30:00+00:00,42001
370,50.0,5.0,7.0,0.9,7.0,5.2,52.0,1022.4,19.5,24.3,10.8,,,,2025-03-18 08:20:00+00:00,42001
371,50.0,5.0,7.0,0.9,,5.2,52.0,1022.5,19.6,24.2,11.0,,,,2025-03-18 08:10:00+00:00,42001
372,60.0,5.0,7.0,,,,,1022.5,19.5,24.2,10.9,,-2.0,,2025-03-18 08:00:00+00:00,42001
373,40.0,6.0,8.0,0.9,7.0,5.1,58.0,1022.6,19.5,24.3,10.7,,,,2025-03-18 07:50:00+00:00,42001
374,60.0,5.0,7.0,,,,,1022.8,19.5,24.3,10.4,,,,2025-03-18 07:40:00+00:00,42001
375,50.0,5.0,7.0,,,,,1022.8,19.6,24.2,9.9,,,,2025-03-18 07:30:00+00:00,42001
376,40.0,5.0,7.0,0.9,,5.1,0.0,1023.1,19.5,24.2,10.4,,,,2025-03-18 07:20:00+00:00,42001
377,40.0,5.0,7.0,0.9,,5.1,0.0,1023.1,19.5,24.2,10.2,,,,2025-03-18 07:10:00+00:00,42001
378,40.0,5.0,7.0,,,,,1023.1,19.5,24.2,9.9,,-1.9,,2025-03-18 07:00:00+00:00,42001
379,30.0,5.0,6.0,0.9,,4.9,42.0,1023.3,19.5,24.2,10.3,,,,2025-03-18 06:50:00+00:00,42001
380,,,,0.9,7.0,4.9,42.0,,,,,,,,2025-03-18 06:40:00+00:00,42001
381,50.0,5.0,7.0,,,,,1023.5,19.5,24.2,9.9,,,,2025-03-18 06:30:00+00:00,42001
382,40.0,6.0,8.0,0.9,6.0,5.0,19.0,1023.5,19.5,24.2,9.7,,,,2025-03-18 06:20:00+00:00,42001
383,40.0,5.0,8.0,0.9,,5.0,19.0,1023.6,19.5,24.2,10.4,,,,2025-03-18 06:10:00+00:00,42001
384,40.0,6.0,7.0,,,,,1023.6,19.6,24.2,10.2,,-1.9,,2025-03-18 06:00:00+00:00,42001
385,40.0,6.0,7.0,0.9,7.0,5.1,16.0,1023.8,19.6,24.1,10.2,,,,2025-03-18 05:50:00+00:00,42001
386,50.0,6.0,8.0,,,,,1024.0,19.5,24.1,10.1,,,,2025-03-18 05:40:00+00:00,42001
387,40.0,6.0,8.0,,,,,1024.0,19.5,24.1,9.4,,,,2025-03-18 05:30:00+00:00,42001
388,40.0,6.0,8.0,1.0,6.0,5.2,25.0,1024.2,19.5,24.1,9.4,,,,2025-03-18 05:20:00+00:00,42001
389,30.0,6.0,8.0,1.0,,5.2,25.0,1024.3,19.6,24.1,10.0,,,,2025-03-18 05:10:00+00:00,42001
390,30.0,6.0,7.0,,,,,1024.5,19.5,24.1,9.2,,-0.9,,2025-03-18 05:00:00+00:00,42001
391,30.0,6.0,8.0,1.1,7.0,5.1,25.0,1024.5,19.6,24.1,9.8,,,,2025-03-18 04:50:00+00:00,42001
392,40.0,6.0,8.0,,,,,1024.6,19.6,24.2,9.5,,,,2025-03-18 04:40:00+00:00,42001
393,30.0,5.0,8.0,,,,,1024.7,19.6,24.2,9.1,,,,2025-03-18 04:30:00+00:00,42001
394,30.0,5.0,7.0,1.1,6.0,5.1,27.0,1024.5,19.6,24.2,9.7,,,,2025-03-18 04:20:00+00:00,42001
395,30.0,5.0,7.0,1.1,,5.1,27.0,1024.7,19.6,24.3,9.3,,,,2025-03-18 04:10:00+00:00,42001
396,30.0,5.0,6.0,,,,,1025.0,19.6,24.3,9.0,,0.0,,2025-03-18 04:00:00+00:00,42001
397,30.0,4.0,6.0,1.1,7.0,5.1,14.0,1025.3,19.7,24.3,9.2,,,,2025-03-18 03:50:00+00:00,42001
398,30.0,5.0,6.0,,,,,1025.3,19.6,24.3,9.3,,,,2025-03-18 03:40:00+00:00,42001
399,20.0,4.0,6.0,,,,,1025.4,19.6,24.3,9.0,,,,2025-03-18 03:30:00+00:00,42001
400,30.0,5.0,7.0,1.1,7.0,5.2,7.0,1025.4,19.7,24.3,9.2,,,,2025-03-18 03:20:00+00:00,42001
401,40.0,4.0,6.0,1.1,,5.2,7.0,1025.4,19.6,24.3,8.8,,,,2025-03-18 03:10:00+00:00,42001
402,20.0,4.0,6.0,,,,,1025.5,19.7,24.3,8.8,,0.6,,2025-03-18 03:00:00+00:00,42001
403,30.0,4.0,5.0,1.3,7.0,5.3,11.0,1025.6,19.7,24.3,8.8,,,,2025-03-18 02:50:00+00:00,42001
404,30.0,4.0,5.0,,,,,1025.6,19.7,24.3,8.9,,,,2025-03-18 02:40:00+00:00,42001
405,20.0,4.0,5.0,,,,,1025.5,19.7,24.2,9.3,,,,2025-03-18 02:30:00+00:00,42001
406,20.0,4.0,6.0,1.3,7.0,5.3,16.0,1025.5,19.6,24.2,8.3,,,,2025-03-18 02:20:00+00:00,42001
407,20.0,4.0,5.0,1.3,,5.3,16.0,1025.4,19.7,24.2,8.8,,,,2025-03-18 02:10:00+00:00,42001
408,30.0,3.0,5.0,,,,,1025.4,19.6,24.2,8.9,,0.8,,2025-03-18 02:00:00+00:00,42001
409,20.0,5.0,6.0,1.4,7.0,5.4,12.0,1025.4,19.7,24.2,8.9,,,,2025-03-18 01:50:00+00:00,42001
410,20.0,4.0,6.0,1.4,,5.4,12.0,1025.4,19.6,24.2,8.8,,,,2025-03-18 01:40:00+00:00,42001
411,20.0,4.0,6.0,,,,,1025.3,19.7,24.2,8.6,,,,2025-03-18 01:30:00+00:00,42001
412,10.0,4.0,6.0,1.4,7.0,5.3,6.0,1025.1,19.7,24.2,9.1,,,,2025-03-18 01:20:00+00:00,42001
413,20.0,5.0,7.0,1.4,,5.3,6.0,1025.1,19.8,24.2,9.1,,,,2025-03-18 01:10:00+00:00,42001
414,40.0,4.0,6.0,,,,,1025.2,19.7,24.2,9.2,,0.8,,2025-03-18 01:00:00+00:00,42001
415,20.0,4.0,6.0,1.4,7.0,5.3,6.0,1025.3,19.7,24.2,8.7,,,,2025-03-18 00:50:00+00:00,42001
416,20.0,4.0,6.0,,,,,1025.2,19.7,24.2,9.1,,,,2025-03-18 00:40:00+00:00,42001
417,40.0,5.0,7.0,,,,,1025.0,19.8,24.2,8.9,,,,2025-03-18 00:30:00+00:00,42001
418,30.0,5.0,7.0,1.4,8.0,5.5,32.0,1025.1,19.8,24.2,8.9,,,,2025-03-18 00:20:00+00:00,42001
419,20.0,5.0,6.0,1.4,,5.5,32.0,1025.1,19.8,24.2,9.1,,,,2025-03-18 00:10:00+00:00,42001
420,30.0,5.0,8.0,,,,,1024.9,19.8,24.1,9.1,,-0.3,,2025-03-18 00:00:00+00:00,42001
421,20.0,6.0,8.0,1.4,7.0,5.2,19.0,1024.8,19.9,24.1,9.3,,,,2025-03-17 23:50:00+00:00,42001
422,30.0,5.0,7.0,,,,,1024.8,19.8,24.1,9.3,,,,2025-03-17 23:40:00+00:00,42001
423,20.0,6.0,8.0,1.5,7.0,5.1,5.0,1024.8,19.9,24.1,8.6,,,,2025-03-17 23:20:00+00:00,42001
424,30.0,6.0,8.0,1.5,,5.1,5.0,1024.7,19.8,24.1,9.1,,,,2025-03-17 23:10:00+00:00,42001
425,20.0,6.0,9.0,,,,,1024.7,19.8,24.1,9.9,,-1.0,,2025-03-17 23:00:00+00:00,42001
426,20.0,6.0,8.0,1.5,8.0,5.3,14.0,1024.5,19.8,24.1,9.9,,,,2025-03-17 22:50:00+00:00,42001
427,20.0,6.0,8.0,1.5,,5.3,14.0,1024.5,19.8,24.1,9.3,,,,2025-03-17 22:40:00+00:00,42001
428,20.0,6.0,9.0,,,,,1024.6,19.9,24.1,9.2,,,,2025-03-17 22:30:00+00:00,42001
429,30.0,7.0,9.0,1.5,8.0,5.2,13.0,1024.4,19.9,24.1,9.1,,,,2025-03-17 22:20:00+00:00,42001
430,30.0,7.0,9.0,1.5,,5.2,13.0,1024.4,19.9,24.0,8.4,,,,2025-03-17 22:10:00+00:00,42001
431,20.0,7.0,9.0,,,,,1024.5,19.9,24.0,8.4,,-1.9,,2025-03-17 22:00:00+00:00,42001
432,20.0,7.0,9.0,1.6,7.0,5.2,12.0,1024.6,19.9,24.0,9.0,,,,2025-03-17 21:50:00+00:00,42001
433,20.0,7.0,9.0,,,,,1024.7,19.9,24.0,9.1,,,,2025-03-17 21:40:00+00:00,42001
434,20.0,7.0,9.0,,,,,1024.8,19.9,24.0,8.8,,,,2025-03-17 21:30:00+00:00,42001
435,20.0,6.0,8.0,1.5,7.0,5.1,7.0,1025.0,19.9,24.0,8.2,,,,2025-03-17 21:20:00+00:00,42001
436,10.0,7.0,9.0,1.5,,5.1,7.0,1025.2,19.9,24.0,8.2,,,,2025-03-17 21:10:00+00:00,42001
437,10.0,7.0,9.0,,,,,1025.3,19.9,24.0,7.6,,-1.6,,2025-03-17 21:00:00+00:00,42001
438,20.0,7.0,10.0,1.6,7.0,5.1,6.0,1025.4,20.1,23.9,7.4,,,,2025-03-17 20:50:00+00:00,42001
439,20.0,8.0,10.0,,,,,1025.5,20.1,23.9,8.7,,,,2025-03-17 20:40:00+00:00,42001
440,20.0,7.0,9.0,,,,,1025.5,20.0,23.9,8.7,,,,2025-03-17 20:30:00+00:00,42001
441,20.0,8.0,10.0,1.6,7.0,5.0,14.0,1025.5,20.0,23.9,8.6,,,,2025-03-17 20:20:00+00:00,42001
442,30.0,8.0,10.0,,,,,1025.5,20.0,23.9,7.5,,,,2025-03-17 20:10:00+00:00,42001
443,20.0,8.0,10.0,,,,,1025.7,20.0,23.9,8.4,,-1.3,,2025-03-17 20:00:00+00:00,42001
444,20.0,8.0,10.0,1.7,7.0,5.2,11.0,1025.7,20.1,23.9,7.9,,,,2025-03-17 19:50:00+00:00,42001
445,20.0,8.0,10.0,,,,,1025.9,20.0,23.9,7.8,,,,2025-03-17 19:40:00+00:00,42001
446,20.0,8.0,10.0,,,,,1026.0,20.0,23.9,7.6,,,,2025-03-17 19:30:00+00:00,42001
447,20.0,8.0,11.0,1.7,,5.1,2.0,1026.3,20.0,23.9,7.5,,,,2025-03-17 19:20:00+00:00,42001
448,20.0,8.0,11.0,,,,,1026.3,20.1,23.9,8.2,,,,2025-03-17 19:10:00+00:00,42001
449,20.0,8.0,10.0,,,,,1026.4,20.1,23.9,7.8,,-0.5,,2025-03-17 19:00:00+00:00,42001
450,20.0,8.0,11.0,1.7,,4.9,6.0,1026.7,20.1,23.9,7.3,,,,2025-03-17 18:50:00+00:00,42001
451,,,,1.7,8.0,4.9,6.0,,,,,,,,2025-03-17 18:40:00+00:00,42001
452,20.0,8.0,11.0,,,,,1026.9,20.3,23.9,8.0,,,,2025-03-17 18:30:00+00:00,42001
453,20.0,9.0,11.0,1.8,7.0,5.0,357.0,1026.9,20.2,23.9,7.7,,,,2025-03-17 18:20:00+00:00,42001
454,20.0,9.0,12.0,1.8,,5.0,357.0,1026.9,20.2,23.9,7.8,,,,2025-03-17 18:10:00+00:00,42001
455,20.0,9.0,12.0,,,,,1026.9,20.2,23.9,8.3,,0.0,,2025-03-17 18:00:00+00:00,42001
456,20.0,9.0,12.0,1.8,7.0,4.9,7.0,1027.0,20.3,23.9,8.4,,,,2025-03-17 17:50:00+00:00,42001
457,20.0,9.0,11.0,,,,,1026.9,20.3,23.9,8.1,,,,2025-03-17 17:40:00+00:00,42001
458,20.0,10.0,12.0,,,,,1026.9,20.3,23.9,7.9,,,,2025-03-17 17:30:00+00:00,42001
459,20.0,9.0,11.0,1.8,6.0,4.8,357.0,1027.2,20.3,23.9,7.7,,,,2025-03-17 17:20:00+00:00,42001
460,20.0,10.0,12.0,1.8,,4.8,357.0,1027.2,20.3,23.9,8.1,,,,2025-03-17 17:10:00+00:00,42001
461,20.0,10.0,12.0,,,,,1027.1,20.4,23.9,8.9,,1.2,,2025-03-17 17:00:00+00:00,42001
462,20.0,9.0,12.0,1.9,7.0,4.9,353.0,1027.1,20.4,23.9,9.1,,,,2025-03-17 16:50:00+00:00,42001
463,20.0,10.0,13.0,,,,,1027.0,20.5,23.9,8.6,,,,2025-03-17 16:40:00+00:00,42001
464,10.0,10.0,13.0,,,,,1027.0,20.5,23.9,9.2,,,,2025-03-17 16:30:00+00:00,42001
465,20.0,10.0,13.0,1.9,7.0,4.9,344.0,1027.2,20.5,23.9,9.3,,,,2025-03-17 16:20:00+00:00,42001
466,20.0,10.0,12.0,1.9,,4.9,344.0,1027.2,20.5,23.9,9.6,,,,2025-03-17 16:10:00+00:00,42001
467,20.0,10.0,13.0,,,,,1027.0,20.5,23.9,9.5,,2.0,,2025-03-17 16:00:00+00:00,42001
468,20.0,11.0,12.0,1.9,7.0,5.0,339.0,1026.9,20.6,23.9,9.2,,,,2025-03-17 15:50:00+00:00,42001
469,20.0,10.0,13.0,,,,,1026.9,20.7,23.9,9.9,,,,2025-03-17 15:40:00+00:00,42001
470,20.0,10.0,13.0,,,,,1026.8,20.6,23.9,9.8,,,,2025-03-17 15:30:00+00:00,42001
471,20.0,10.0,13.0,1.9,7.0,5.1,344.0,1026.9,20.7,23.9,9.8,,,,2025-03-17 15:20:00+00:00,42001
472,10.0,10.0,13.0,1.9,,5.1,344.0,1026.8,20.7,23.9,9.3,,,,2025-03-17 15:10:00+00:00,42001
473,10.0,10.0,12.0,,,,,1026.8,20.6,23.9,9.6,,2.7,,2025-03-17 15:00:00+00:00,42001
474,10.0,11.0,13.0,1.9,7.0,4.9,346.0,1026.6,20.6,23.9,9.3,,,,2025-03-17 14:50:00+00:00,42001
475,10.0,11.0,13.0,,,,,1026.5,20.5,23.9,8.7,,,,2025-03-17 14:40:00+00:00,42001
476,20.0,10.0,13.0,,,,,1026.3,20.5,23.9,9.2,,,,2025-03-17 14:30:00+00:00,42001
477,20.0,10.0,13.0,1.7,7.0,4.6,323.0,1026.1,20.5,23.9,9.7,,,,2025-03-17 14:20:00+00:00,42001
478,20.0,10.0,13.0,1.7,,4.6,323.0,1026.0,20.5,23.9,9.3,,,,2025-03-17 14:10:00+00:00,42001
479,20.0,10.0,12.0,,,,,1025.9,20.5,23.9,9.5,,2.7,,2025-03-17 14:00:00+00:00,42001
480,20.0,10.0,13.0,1.8,6.0,4.6,349.0,1025.8,20.5,23.9,9.7,,,,2025-03-17 13:50:00+00:00,42001
481,20.0,10.0,13.0,,,,,1025.7,20.5,23.9,9.7,,,,2025-03-17 13:40:00+00:00,42001
482,20.0,11.0,13.0,,,,,1025.5,20.5,23.8,9.5,,,,2025-03-17 13:30:00+00:00,42001
483,20.0,10.0,13.0,1.8,7.0,4.8,340.0,1025.3,20.6,23.9,9.8,,,,2025-03-17 13:20:00+00:00,42001
484,20.0,10.0,13.0,1.8,,4.8,340.0,1025.0,20.6,23.9,10.0,,,,2025-03-17 13:10:00+00:00,42001
485,20.0,10.0,13.0,,,,,1025.0,20.6,23.9,9.8,,2.4,,2025-03-17 13:00:00+00:00,42001
486,20.0,10.0,12.0,2.0,7.0,4.9,331.0,1025.0,20.7,23.9,10.3,,,,2025-03-17 12:50:00+00:00,42001
487,10.0,10.0,13.0,,,,,1024.7,20.7,23.8,9.7,,,,2025-03-17 12:40:00+00:00,42001
488,20.0,11.0,14.0,,,,,1024.6,20.7,23.8,9.8,,,,2025-03-17 12:30:00+00:00,42001
489,20.0,10.0,14.0,1.9,6.0,4.9,348.0,1024.4,20.7,,9.7,,,,2025-03-17 12:20:00+00:00,42001
490,10.0,10.0,14.0,1.9,,4.9,348.0,1024.2,20.8,23.8,9.6,,,,2025-03-17 12:10:00+00:00,42001
491,20.0,11.0,12.0,,,,,1024.2,20.8,23.8,9.3,,1.4,,2025-03-17 12:00:00+00:00,42001
492,20.0,11.0,14.0,1.9,,4.8,338.0,1024.1,20.8,23.8,9.2,,,,2025-03-17 11:50:00+00:00,42001
493,,,,1.9,7.0,4.8,338.0,,,,,,,,2025-03-17 11:40:00+00:00,42001
494,20.0,10.0,13.0,,,,,1024.0,21.0,23.8,9.5,,,,2025-03-17 11:30:00+00:00,42001
495,20.0,10.0,13.0,1.9,7.0,4.8,337.0,1023.6,21.0,,9.2,,,,2025-03-17 11:20:00+00:00,42001
496,20.0,11.0,13.0,1.9,,4.8,337.0,1023.5,20.9,23.9,9.6,,,,2025-03-17 11:10:00+00:00,42001
497,20.0,10.0,12.0,,,,,1023.3,21.0,23.9,9.8,,0.4,,2025-03-17 11:00:00+00:00,42001
498,10.0,10.0,13.0,1.9,7.0,4.9,332.0,1023.2,21.0,24.0,9.0,,,,2025-03-17 10:50:00+00:00,42001
499,20.0,11.0,13.0,1.9,,4.9,332.0,1023.0,21.0,23.9,9.1,,,,2025-03-17 10:40:00+00:00,42001
500,10.0,10.0,13.0,,,,,1022.9,21.2,24.0,9.4,,,,2025-03-17 10:30:00+00:00,42001
501,10.0,10.0,12.0,1.9,7.0,4.8,320.0,1022.9,21.2,24.0,9.4,,,,2025-03-17 10:20:00+00:00,42001
502,10.0,10.0,13.0,,,,,1022.8,21.2,24.0,8.4,,,,2025-03-17 10:10:00+00:00,42001
503,10.0,11.0,13.0,,,,,1022.7,21.3,24.0,8.9,,-0.3,,2025-03-17 10:00:00+00:00,42001
504,360.0,10.0,13.0,1.9,7.0,4.8,331.0,1022.6,21.3,24.2,9.3,,,,2025-03-17 09:50:00+00:00,42001
505,360.0,10.0,13.0,,,,,1022.5,21.3,24.3,9.5,,,,2025-03-17 09:40:00+00:00,42001
506,360.0,10.0,13.0,,,,,1022.6,21.3,24.4,8.8,,,,2025-03-17 09:30:00+00:00,42001
507,360.0,11.0,13.0,1.9,,4.9,332.0,1022.5,,24.5,,,,,2025-03-17 09:20:00+00:00,42001
508,360.0,10.0,13.0,1.9,,4.9,332.0,1022.7,21.4,24.5,9.3,,,,2025-03-17 09:10:00+00:00,42001
509,360.0,10.0,12.0,,,,,1022.8,21.4,24.6,8.4,,-0.4,,2025-03-17 09:00:00+00:00,42001
510,360.0,11.0,13.0,1.7,7.0,4.7,324.0,1022.8,21.5,24.6,8.6,,,,2025-03-17 08:50:00+00:00,42001
511,360.0,11.0,13.0,1.7,,4.7,324.0,1022.7,21.5,24.6,9.0,,,,2025-03-17 08:40:00+00:00,42001
512,360.0,10.0,13.0,,,,,1022.9,21.6,24.6,10.2,,,,2025-03-17 08:30:00+00:00,42001
513,360.0,10.0,13.0,2.0,7.0,5.0,323.0,1022.8,21.6,24.6,8.8,,,,2025-03-17 08:20:00+00:00,42001
514,10.0,11.0,13.0,2.0,,5.0,323.0,1022.8,21.6,24.6,8.5,,,,2025-03-17 08:10:00+00:00,42001
515,360.0,11.0,15.0,,,,,1023.0,21.7,24.6,8.1,,0.0,,2025-03-17 08:00:00+00:00,42001
516,360.0,11.0,14.0,1.9,7.0,4.9,334.0,1022.9,21.8,24.6,9.1,,,,2025-03-17 07:50:00+00:00,42001
517,360.0,11.0,14.0,,,,,1023.0,21.7,24.7,8.7,,,,2025-03-17 07:40:00+00:00,42001
518,360.0,11.0,15.0,,,,,1022.9,21.8,24.8,9.5,,,,2025-03-17 07:30:00+00:00,42001
519,360.0,11.0,13.0,1.9,7.0,5.0,338.0,1023.0,21.8,24.9,10.0,,,,2025-03-17 07:20:00+00:00,42001
520,360.0,10.0,14.0,1.9,,5.0,338.0,1023.0,21.7,25.0,9.4,,,,2025-03-17 07:10:00+00:00,42001
521,350.0,11.0,13.0,,,,,1023.0,21.9,25.1,9.9,,0.8,,2025-03-17 07:00:00+00:00,42001
522,350.0,10.0,13.0,2.1,,5.2,332.0,1022.9,,25.1,,,,,2025-03-17 06:50:00+00:00,42001
523,360.0,10.0,13.0,,,,,1022.9,21.7,25.1,10.6,,,,2025-03-17 06:40:00+00:00,42001
524,360.0,10.0,14.0,,,,,1022.9,21.8,25.1,10.6,,,,2025-03-17 06:30:00+00:00,42001
525,360.0,11.0,13.0,2.1,7.0,5.1,325.0,1022.9,21.8,25.1,10.8,,,,2025-03-17 06:20:00+00:00,42001
526,360.0,10.0,13.0,2.1,,5.1,325.0,1023.0,21.7,25.1,10.5,,,,2025-03-17 06:10:00+00:00,42001
527,360.0,10.0,12.0,,,,,1023.0,21.7,25.1,10.6,,2.1,,2025-03-17 06:00:00+00:00,42001
528,360.0,10.0,12.0,2.2,8.0,5.1,340.0,1022.9,21.7,25.1,10.7,,,,2025-03-17 05:50:00+00:00,42001
529,350.0,10.0,13.0,,,,,1022.9,21.7,25.1,10.2,,,,2025-03-17 05:40:00+00:00,42001
530,350.0,11.0,13.0,,,,,1022.8,21.7,25.0,10.3,,,,2025-03-17 05:30:00+00:00,42001
531,350.0,11.0,14.0,2.3,7.0,5.3,339.0,1022.7,21.7,25.0,10.1,,,,2025-03-17 05:20:00+00:00,42001
532,350.0,11.0,13.0,,,,,1022.7,21.6,25.0,10.4,,,,2025-03-17 05:10:00+00:00,42001
533,350.0,10.0,12.0,,,,,1022.6,21.6,24.9,10.5,,2.5,,2025-03-17 05:00:00+00:00,42001
534,350.0,11.0,14.0,2.4,7.0,5.4,341.0,1022.5,21.6,24.8,9.9,,,,2025-03-17 04:50:00+00:00,42001
535,350.0,10.0,13.0,2.4,,5.4,341.0,1022.6,21.7,24.7,10.5,,,,2025-03-17 04:40:00+00:00,42001
536,340.0,11.0,14.0,,,,,1022.5,21.6,24.8,9.6,,,,2025-03-17 04:30:00+00:00,42001
537,350.0,11.0,14.0,2.6,8.0,5.5,338.0,1022.3,21.6,24.7,10.0,,,,2025-03-17 04:20:00+00:00,42001
538,350.0,11.0,15.0,,,,,1022.1,21.6,24.7,11.4,,,,2025-03-17 04:10:00+00:00,42001
539,350.0,11.0,14.0,,,,,1022.2,21.7,24.7,11.3,,2.8,,2025-03-17 04:00:00+00:00,42001
540,340.0,12.0,14.0,2.5,7.0,5.5,325.0,1021.9,21.8,24.8,11.3,,,,2025-03-17 03:50:00+00:00,42001
541,340.0,11.0,14.0,,,,,1021.9,21.7,24.8,11.1,,,,2025-03-17 03:40:00+00:00,42001
542,350.0,11.0,14.0,,,,,1021.7,21.8,24.8,11.5,,,,2025-03-17 03:30:00+00:00,42001
543,340.0,12.0,14.0,2.3,7.0,5.0,321.0,1021.5,21.9,24.9,11.6,,,,2025-03-17 03:20:00+00:00,42001
544,340.0,12.0,14.0,2.3,,5.0,321.0,1021.3,21.8,24.8,10.9,,,,2025-03-17 03:10:00+00:00,42001
545,340.0,11.0,14.0,,,,,1021.1,21.8,24.8,12.0,,2.9,,2025-03-17 03:00:00+00:00,42001
546,350.0,11.0,14.0,2.3,7.0,5.3,335.0,1020.9,21.9,24.9,12.1,,,,2025-03-17 02:50:00+00:00,42001
547,340.0,11.0,15.0,,,,,1020.9,21.8,25.0,11.6,,,,2025-03-17 02:40:00+00:00,42001
548,350.0,11.0,14.0,,,,,1020.7,21.8,25.1,11.7,,,,2025-03-17 02:30:00+00:00,42001
549,350.0,11.0,14.0,2.1,6.0,5.1,344.0,1020.5,21.8,25.2,11.8,,,,2025-03-17 02:20:00+00:00,42001
550,350.0,11.0,14.0,2.1,,5.1,344.0,1020.2,21.8,25.3,11.8,,,,2025-03-17 02:10:00+00:00,42001
551,340.0,11.0,14.0,,,,,1020.1,21.9,25.4,11.7,,2.8,,2025-03-17 02:00:00+00:00,42001
552,340.0,11.0,14.0,2.3,7.0,5.3,330.0,1019.9,21.8,25.4,11.9,,,,2025-03-17 01:50:00+00:00,42001
553,340.0,11.0,13.0,,,,,1019.7,21.8,25.4,11.2,,,,2025-03-17 01:40:00+00:00,42001
554,340.0,11.0,13.0,,,,,1019.6,21.8,25.5,11.3,,,,2025-03-17 01:30:00+00:00,42001
555,340.0,11.0,13.0,2.5,7.0,5.4,330.0,1019.4,21.7,25.5,10.8,,,,2025-03-17 01:20:00+00:00,42001
556,350.0,11.0,13.0,2.5,,5.4,330.0,1019.4,21.7,25.5,10.5,,,,2025-03-17 01:10:00+00:00,42001
557,350.0,10.0,13.0,,,,,1019.2,21.6,25.5,10.8,,2.8,,2025-03-17 01:00:00+00:00,42001
558,340.0,11.0,13.0,2.5,7.0,5.4,327.0,1019.1,21.6,25.5,11.1,,,,2025-03-17 00:50:00+00:00,42001
559,340.0,11.0,14.0,2.5,,5.4,327.0,1018.9,21.7,25.5,11.4,,,,2025-03-17 00:40:00+00:00,42001
560,340.0,11.0,14.0,,,,,1018.7,21.6,25.5,11.6,,,,2025-03-17 00:30:00+00:00,42001
561,350.0,12.0,14.0,2.2,7.0,5.1,335.0,1018.5,21.5,25.5,10.9,,,,2025-03-17 00:20:00+00:00,42001
562,350.0,11.0,14.0,2.2,,5.1,335.0,1018.3,21.5,25.5,10.9,,,,2025-03-17 00:10:00+00:00,42001
563,340.0,12.0,14.0,,,,,1018.1,21.7,25.4,11.7,,2.2,,2025-03-17 00:00:00+00:00,42001
564,350.0,12.0,15.0,2.4,7.0,5.4,327.0,1017.9,21.6,25.4,11.5,,,,2025-03-16 23:50:00+00:00,42001
565,350.0,12.0,15.0,,,,,1017.8,21.6,25.4,11.5,,,,2025-03-16 23:40:00+00:00,42001
566,340.0,12.0,15.0,,,,,1017.6,21.8,25.4,11.8,,,,2025-03-16 23:30:00+00:00,42001
567,350.0,12.0,15.0,2.7,7.0,5.4,318.0,1017.4,21.7,25.3,12.2,,,,2025-03-16 23:20:00+00:00,42001
568,340.0,12.0,14.0,,,,,1017.4,21.8,25.3,12.5,,,,2025-03-16 23:10:00+00:00,42001
569,340.0,12.0,15.0,2.7,,5.4,318.0,1017.3,21.8,25.3,13.0,,2.1,,2025-03-16 23:00:00+00:00,42001
570,340.0,11.0,14.0,2.3,7.0,5.3,311.0,1017.2,21.8,25.3,13.5,,,,2025-03-16 22:50:00+00:00,42001
571,340.0,12.0,15.0,,,,,1017.1,21.8,25.3,13.1,,,,2025-03-16 22:40:00+00:00,42001
572,340.0,12.0,15.0,,,,,1017.0,22.0,25.3,14.0,,,,2025-03-16 22:30:00+00:00,42001
573,340.0,12.0,14.0,2.2,7.0,5.1,292.0,1016.8,22.0,25.3,14.5,,,,2025-03-16 22:20:00+00:00,42001
574,330.0,11.0,14.0,,,,,1016.7,22.1,25.3,14.6,,,,2025-03-16 22:10:00+00:00,42001
575,340.0,11.0,14.0,,,,,1016.6,22.2,25.3,14.8,,1.6,,2025-03-16 22:00:00+00:00,42001
576,330.0,11.0,14.0,2.2,,5.1,335.0,1016.6,,25.3,,,,,2025-03-16 21:50:00+00:00,42001
577,340.0,11.0,13.0,,,,,1016.5,22.3,25.3,15.3,,,,2025-03-16 21:40:00+00:00,42001
578,340.0,11.0,13.0,,,,,1016.3,22.3,25.3,15.5,,,,2025-03-16 21:30:00+00:00,42001
579,340.0,11.0,14.0,2.2,8.0,5.2,138.0,1016.2,22.5,25.3,16.0,,,,2025-03-16 21:20:00+00:00,42001
580,340.0,11.0,14.0,2.2,,5.2,138.0,1016.1,22.5,25.3,15.6,,,,2025-03-16 21:10:00+00:00,42001
581,340.0,11.0,14.0,,,,,1015.9,22.6,25.3,15.6,,1.5,,2025-03-16 21:00:00+00:00,42001
582,340.0,11.0,14.0,2.1,8.0,5.2,136.0,1015.8,22.7,25.2,16.0,,,,2025-03-16 20:50:00+00:00,42001
583,330.0,11.0,13.0,2.1,,5.2,136.0,1015.7,22.8,25.3,16.3,,,,2025-03-16 20:40:00+00:00,42001
584,340.0,11.0,13.0,,,,,1015.6,22.9,25.2,16.8,,,,2025-03-16 20:30:00+00:00,42001
585,330.0,11.0,13.0,2.1,8.0,5.1,144.0,1015.4,23.2,25.2,16.5,,,,2025-03-16 20:20:00+00:00,42001
586,330.0,11.0,14.0,2.1,,5.1,144.0,1015.4,23.2,25.2,16.4,,,,2025-03-16 20:10:00+00:00,42001
587,330.0,11.0,13.0,,,,,1015.3,23.2,25.3,17.0,,0.5,,2025-03-16 20:00:00+00:00,42001
588,330.0,11.0,13.0,2.1,8.0,5.3,143.0,1015.3,23.3,25.4,17.1,,,,2025-03-16 19:50:00+00:00,42001
589,340.0,11.0,13.0,2.1,,5.3,143.0,1015.3,23.3,25.5,17.3,,,,2025-03-16 19:40:00+00:00,42001
590,340.0,10.0,12.0,,,,,1015.2,23.4,25.5,17.4,,,,2025-03-16 19:30:00+00:00,42001
591,340.0,11.0,13.0,2.0,8.0,5.1,137.0,1015.2,23.6,25.5,16.8,,,,2025-03-16 19:20:00+00:00,42001
592,340.0,11.0,14.0,2.0,,5.1,137.0,1015.1,23.7,25.5,16.8,,,,2025-03-16 19:10:00+00:00,42001
593,330.0,11.0,13.0,,,,,1015.0,23.9,25.5,17.2,,0.5,,2025-03-16 19:00:00+00:00,42001
594,340.0,10.0,13.0,2.0,8.0,5.3,151.0,1015.0,24.3,25.5,16.4,,,,2025-03-16 18:50:00+00:00,42001
595,340.0,10.0,13.0,2.0,,5.3,151.0,1014.9,24.6,25.5,15.2,,,,2025-03-16 18:40:00+00:00,42001
596,330.0,11.0,13.0,,,,,1014.8,24.7,25.5,15.4,,,,2025-03-16 18:30:00+00:00,42001
597,340.0,11.0,13.0,1.9,8.0,5.6,146.0,1014.8,24.7,25.5,15.7,,,,2025-03-16 18:20:00+00:00,42001
598,340.0,11.0,14.0,1.9,,5.6,146.0,1014.7,24.8,25.5,15.9,,,,2025-03-16 18:10:00+00:00,42001
599,340.0,11.0,14.0,,,,,1014.6,25.0,25.5,14.5,,0.8,,2025-03-16 18:00:00+00:00,42001
600,340.0,10.0,12.0,2.1,,5.8,150.0,1014.5,25.1,25.5,14.7,,,,2025-03-16 17:50:00+00:00,42001
601,,,,2.1,8.0,5.8,150.0,,,,,,,,2025-03-16 17:40:00+00:00,42001
602,340.0,10.0,12.0,,,,,1014.6,25.2,25.5,15.0,,,,2025-03-16 17:30:00+00:00,42001
603,340.0,9.0,12.0,2.1,9.0,5.9,148.0,1014.7,25.1,25.5,15.3,,,,2025-03-16 17:20:00+00:00,42001
604,340.0,9.0,11.0,2.1,,5.9,148.0,1014.6,25.1,25.5,15.5,,,,2025-03-16 17:10:00+00:00,42001
605,340.0,9.0,12.0,,,,,1014.6,25.0,25.5,15.9,,2.1,,2025-03-16 17:00:00+00:00,42001
606,340.0,10.0,12.0,2.1,8.0,5.9,145.0,1014.5,24.9,25.5,15.9,,,,2025-03-16 16:50:00+00:00,42001
607,340.0,10.0,12.0,,,,,1014.4,24.8,25.5,16.5,,,,2025-03-16 16:40:00+00:00,42001
608,340.0,9.0,11.0,,,,,1014.4,24.8,25.4,17.1,,,,2025-03-16 16:30:00+00:00,42001
609,340.0,9.0,12.0,2.3,9.0,6.2,141.0,1014.3,24.9,25.4,16.6,,,,2025-03-16 16:20:00+00:00,42001
610,340.0,9.0,12.0,2.3,,6.2,141.0,1014.3,24.9,25.4,16.7,,,,2025-03-16 16:10:00+00:00,42001
611,340.0,9.0,11.0,,,,,1014.3,25.0,25.4,16.8,,3.3,,2025-03-16 16:00:00+00:00,42001
612,340.0,9.0,12.0,2.3,9.0,6.3,141.0,1014.2,25.1,25.3,16.1,,,,2025-03-16 15:50:00+00:00,42001
613,340.0,9.0,11.0,,,,,1014.2,25.2,25.3,15.8,,,,2025-03-16 15:40:00+00:00,42001
614,350.0,9.0,11.0,,,,,1014.1,25.3,25.3,15.9,,,,2025-03-16 15:30:00+00:00,42001
615,340.0,8.0,10.0,2.2,8.0,6.1,142.0,1013.9,25.5,25.5,15.1,,,,2025-03-16 15:20:00+00:00,42001
616,350.0,9.0,11.0,2.2,,6.1,142.0,1013.7,25.6,25.5,14.7,,,,2025-03-16 15:10:00+00:00,42001
617,340.0,9.0,11.0,,,,,1013.5,25.6,25.5,14.9,,4.1,,2025-03-16 15:00:00+00:00,42001
618,350.0,8.0,11.0,2.3,8.0,6.2,143.0,1013.3,25.5,25.5,15.4,,,,2025-03-16 14:50:00+00:00,42001
619,350.0,8.0,10.0,2.3,,6.2,143.0,1013.1,25.5,25.5,15.5,,,,2025-03-16 14:40:00+00:00,42001
620,350.0,8.0,11.0,,,,,1012.9,25.7,25.6,14.6,,,,2025-03-16 14:30:00+00:00,42001
621,350.0,8.0,10.0,2.4,8.0,6.3,150.0,1012.8,25.8,25.6,13.7,,,,2025-03-16 14:20:00+00:00,42001
622,350.0,7.0,9.0,2.4,,6.3,150.0,1012.6,25.8,25.6,14.0,,,,2025-03-16 14:10:00+00:00,42001
623,350.0,8.0,9.0,,,,,1012.4,25.8,25.6,13.5,,3.8,,2025-03-16 14:00:00+00:00,42001
624,350.0,8.0,10.0,2.2,8.0,6.0,141.0,1012.2,25.8,25.6,14.1,,,,2025-03-16 13:50:00+00:00,42001
625,360.0,8.0,9.0,,,,,1011.9,25.8,25.6,14.2,,,,2025-03-16 13:40:00+00:00,42001
626,360.0,8.0,10.0,,,,,1011.6,25.7,25.6,14.6,,,,2025-03-16 13:30:00+00:00,42001
627,360.0,8.0,10.0,2.0,9.0,5.6,133.0,1011.2,25.7,25.6,14.7,,,,2025-03-16 13:20:00+00:00,42001
628,360.0,9.0,11.0,2.0,,5.6,133.0,1011.1,25.7,25.6,13.8,,,,2025-03-16 13:10:00+00:00,42001
629,360.0,8.0,10.0,,,,,1010.9,25.5,25.6,15.1,,3.8,,2025-03-16 13:00:00+00:00,42001
630,350.0,9.0,10.0,2.1,9.0,5.6,140.0,1010.8,25.5,25.6,15.2,,,,2025-03-16 12:50:00+00:00,42001
631,360.0,9.0,12.0,2.1,,5.6,140.0,1010.5,25.5,25.6,15.4,,,,2025-03-16 12:40:00+00:00,42001
632,360.0,10.0,12.0,,,,,1010.3,25.4,25.6,15.0,,,,2025-03-16 12:30:00+00:00,42001
633,360.0,10.0,11.0,2.2,8.0,5.8,150.0,1010.1,25.3,25.6,16.2,,,,2025-03-16 12:20:00+00:00,42001
634,360.0,10.0,12.0,,,,,1009.7,25.3,25.7,17.0,,,,2025-03-16 12:10:00+00:00,42001
635,360.0,10.0,12.0,,,,,1009.5,25.4,25.6,16.7,,2.8,,2025-03-16 12:00:00+00:00,42001
636,360.0,10.0,12.0,2.2,9.0,6.0,140.0,1009.3,25.4,25.7,17.0,,,,2025-03-16 11:50:00+00:00,42001
637,360.0,10.0,12.0,,,,,1009.0,25.5,25.7,17.1,,,,2025-03-16 11:40:00+00:00,42001
638,360.0,9.0,12.0,,,,,1009.0,25.6,25.7,17.8,,,,2025-03-16 11:30:00+00:00,42001
639,360.0,10.0,13.0,2.1,8.0,6.4,142.0,1009.0,25.7,25.7,16.6,,,,2025-03-16 11:20:00+00:00,42001
640,360.0,10.0,12.0,2.1,,6.4,142.0,1008.9,25.8,25.7,16.5,,,,2025-03-16 11:10:00+00:00,42001
641,360.0,9.0,11.0,,,,,1008.9,25.9,25.7,17.0,,2.0,,2025-03-16 11:00:00+00:00,42001
642,360.0,9.0,11.0,2.2,8.0,6.6,137.0,1008.6,25.9,25.7,17.2,,,,2025-03-16 10:50:00+00:00,42001
643,360.0,9.0,12.0,2.2,,6.6,137.0,1008.3,25.8,25.7,17.5,,,,2025-03-16 10:40:00+00:00,42001
644,340.0,7.0,10.0,,,,,1007.8,25.2,25.6,20.5,,,,2025-03-16 10:30:00+00:00,42001
645,330.0,4.0,6.0,2.6,,7.2,147.0,1007.6,,25.5,,,,,2025-03-16 10:20:00+00:00,42001
646,340.0,4.0,6.0,2.6,,7.2,147.0,1007.3,25.1,25.4,23.8,,,,2025-03-16 10:10:00+00:00,42001
647,340.0,4.0,5.0,2.6,,7.2,147.0,1007.1,25.1,25.3,23.7,,-0.0,,2025-03-16 10:00:00+00:00,42001
648,330.0,3.0,4.0,2.0,,6.6,141.0,1006.9,25.1,25.2,23.8,,,,2025-03-16 09:50:00+00:00,42001
649,,,,2.0,9.0,6.6,141.0,,,,,,,,2025-03-16 09:40:00+00:00,42001
650,320.0,3.0,4.0,,,,,1006.7,25.0,25.2,23.6,,,,2025-03-16 09:30:00+00:00,42001
651,320.0,3.0,5.0,2.3,8.0,6.8,145.0,1006.6,25.0,25.2,23.6,,,,2025-03-16 09:20:00+00:00,42001
652,320.0,3.0,4.0,2.3,,6.8,145.0,1006.6,25.1,25.2,23.8,,,,2025-03-16 09:10:00+00:00,42001
653,320.0,3.0,4.0,,,,,1006.5,25.1,25.2,23.7,,-0.3,,2025-03-16 09:00:00+00:00,42001
654,320.0,3.0,4.0,2.4,8.0,7.0,150.0,1006.4,25.2,25.2,23.6,,,,2025-03-16 08:50:00+00:00,42001
655,310.0,3.0,4.0,2.4,,7.0,150.0,1006.4,25.2,25.2,23.6,,,,2025-03-16 08:40:00+00:00,42001
656,310.0,3.0,5.0,,,,,1006.5,25.3,25.2,23.5,,,,2025-03-16 08:30:00+00:00,42001
657,310.0,3.0,5.0,2.2,8.0,6.7,139.0,1006.5,25.3,,23.5,,,,2025-03-16 08:20:00+00:00,42001
658,300.0,2.0,3.0,2.2,,6.7,139.0,1006.4,25.3,25.2,23.6,,,,2025-03-16 08:10:00+00:00,42001
659,290.0,1.0,3.0,,,,,1006.6,25.3,25.2,23.7,,0.3,,2025-03-16 08:00:00+00:00,42001
660,240.0,1.0,3.0,2.2,8.0,6.7,148.0,1006.6,25.2,25.3,23.7,,,,2025-03-16 07:50:00+00:00,42001
661,230.0,1.0,2.0,2.2,,6.7,148.0,1006.8,25.2,25.3,23.9,,,,2025-03-16 07:40:00+00:00,42001
662,220.0,1.0,2.0,,,,,1006.8,25.2,25.3,24.0,,,,2025-03-16 07:30:00+00:00,42001
663,220.0,1.0,2.0,2.4,,6.9,162.0,1006.8,,25.3,,,,,2025-03-16 07:20:00+00:00,42001
664,220.0,1.0,2.0,2.4,,6.9,162.0,1006.9,25.1,25.3,24.2,,,,2025-03-16 07:10:00+00:00,42001
665,200.0,1.0,2.0,,,,,1006.9,25.2,25.3,24.4,,1.1,,2025-03-16 07:00:00+00:00,42001
666,190.0,1.0,2.0,2.3,8.0,6.9,160.0,1006.9,25.3,25.3,24.5,,,,2025-03-16 06:50:00+00:00,42001
667,210.0,1.0,2.0,,,,,1006.8,25.3,25.3,24.5,,,,2025-03-16 06:40:00+00:00,42001
668,220.0,1.0,2.0,,,,,1006.8,25.4,25.3,24.6,,,,2025-03-16 06:30:00+00:00,42001
669,190.0,2.0,3.0,2.6,8.0,7.0,155.0,1006.8,25.4,25.3,24.6,,,,2025-03-16 06:20:00+00:00,42001
670,190.0,2.0,3.0,2.6,,7.0,155.0,1006.6,25.4,25.3,24.5,,,,2025-03-16 06:10:00+00:00,42001
671,190.0,2.0,3.0,,,,,1006.7,25.5,25.3,24.6,,1.2,,2025-03-16 06:00:00+00:00,42001
672,200.0,2.0,3.0,2.2,8.0,6.6,157.0,1006.7,25.5,25.3,24.5,,,,2025-03-16 05:50:00+00:00,42001
673,210.0,2.0,3.0,,,,,1006.6,25.5,25.3,24.5,,,,2025-03-16 05:40:00+00:00,42001
674,190.0,3.0,5.0,,,,,1006.5,25.5,25.3,24.4,,,,2025-03-16 05:30:00+00:00,42001
675,190.0,3.0,4.0,2.3,8.0,6.7,168.0,1006.4,25.5,25.3,24.4,,,,2025-03-16 05:20:00+00:00,42001
676,190.0,3.0,4.0,2.3,,6.7,168.0,1006.3,25.6,25.3,24.5,,,,2025-03-16 05:10:00+00:00,42001
677,190.0,4.0,5.0,,,,,1006.2,25.6,25.3,24.4,,1.7,,2025-03-16 05:00:00+00:00,42001
678,200.0,3.0,4.0,2.4,9.0,6.7,143.0,1006.1,25.6,25.3,24.5,,,,2025-03-16 04:50:00+00:00,42001
679,200.0,4.0,5.0,2.4,,6.7,143.0,1006.0,25.7,25.3,24.6,,,,2025-03-16 04:40:00+00:00,42001
680,190.0,4.0,5.0,,,,,1006.0,25.7,25.3,24.6,,,,2025-03-16 04:30:00+00:00,42001
681,200.0,4.0,5.0,2.4,8.0,6.6,159.0,1006.0,25.7,25.6,24.5,,,,2025-03-16 04:20:00+00:00,42001
682,190.0,4.0,5.0,2.4,,6.6,159.0,1005.9,25.8,25.6,24.6,,,,2025-03-16 04:10:00+00:00,42001
683,190.0,4.0,5.0,,,,,1005.8,25.8,25.6,24.5,,2.4,,2025-03-16 04:00:00+00:00,42001
684,200.0,4.0,6.0,2.4,8.0,6.6,161.0,1005.8,25.8,25.6,24.5,,,,2025-03-16 03:50:00+00:00,42001
685,200.0,4.0,5.0,,,,,1005.7,25.8,25.7,24.5,,,,2025-03-16 03:40:00+00:00,42001
686,200.0,4.0,5.0,,,,,1005.8,25.8,25.7,24.5,,,,2025-03-16 03:30:00+00:00,42001
687,200.0,4.0,6.0,2.2,8.0,6.3,167.0,1005.6,25.8,25.7,24.5,,,,2025-03-16 03:20:00+00:00,42001
688,210.0,4.0,5.0,2.2,,6.3,167.0,1005.5,25.8,25.7,24.4,,,,2025-03-16 03:10:00+00:00,42001
689,210.0,4.0,5.0,,,,,1005.6,25.9,25.7,24.5,,3.2,,2025-03-16 03:00:00+00:00,42001
690,210.0,3.0,5.0,2.7,9.0,6.9,156.0,1005.5,25.9,25.7,24.5,,,,2025-03-16 02:50:00+00:00,42001
691,200.0,3.0,4.0,2.7,,6.9,156.0,1005.2,25.9,25.7,24.5,,,,2025-03-16 02:40:00+00:00,42001
692,200.0,4.0,6.0,,,,,1004.9,25.9,25.7,24.4,,,,2025-03-16 02:30:00+00:00,42001
693,210.0,4.0,6.0,2.8,8.0,6.8,167.0,1004.7,26.0,25.7,24.4,,,,2025-03-16 02:20:00+00:00,42001
694,200.0,5.0,7.0,2.8,,6.8,167.0,1004.7,26.0,25.7,24.4,,,,2025-03-16 02:10:00+00:00,42001
695,210.0,5.0,7.0,,,,,1004.4,26.0,25.7,24.3,,2.8,,2025-03-16 02:00:00+00:00,42001
696,200.0,6.0,7.0,3.1,8.0,7.2,163.0,1004.3,26.0,25.7,24.2,,,,2025-03-16 01:50:00+00:00,42001
697,180.0,6.0,8.0,,,,,1004.0,26.1,25.7,24.2,,,,2025-03-16 01:40:00+00:00,42001
698,190.0,6.0,8.0,,,,,1003.9,26.1,25.7,24.2,,,,2025-03-16 01:30:00+00:00,42001
699,180.0,7.0,9.0,3.3,9.0,7.4,161.0,1003.6,26.1,25.7,24.1,,,,2025-03-16 01:20:00+00:00,42001
700,180.0,7.0,9.0,,,,,1003.5,26.1,25.7,24.1,,,,2025-03-16 01:10:00+00:00,42001
701,180.0,7.0,9.0,,,,,1003.3,26.1,25.7,24.1,,2.2,,2025-03-16 01:00:00+00:00,42001
702,180.0,7.0,9.0,2.8,9.0,6.8,160.0,1003.2,26.1,25.7,23.9,,,,2025-03-16 00:50:00+00:00,42001
703,180.0,7.0,9.0,,,,,1002.9,26.1,25.7,23.9,,,,2025-03-16 00:40:00+00:00,42001
704,180.0,7.0,10.0,,,,,1002.9,26.1,25.7,23.9,,,,2025-03-16 00:30:00+00:00,42001
705,170.0,8.0,10.0,3.0,9.0,6.7,155.0,1002.6,26.1,25.7,23.8,,,,2025-03-16 00:20:00+00:00,42001
706,180.0,8.0,11.0,3.0,,6.7,155.0,1002.3,26.1,25.7,23.8,,,,2025-03-16 00:10:00+00:00,42001
707,170.0,9.0,11.0,,,,,1002.2,26.1,25.7,23.8,,0.8,,2025-03-16 00:00:00+00:00,42001
708,170.0,9.0,11.0,3.2,9.0,7.0,158.0,1002.0,26.1,25.7,23.9,,,,2025-03-15 23:50:00+00:00,42001
709,170.0,9.0,11.0,,,,,1001.9,26.1,25.7,23.8,,,,2025-03-15 23:40:00+00:00,42001
710,170.0,10.0,13.0,,,,,1001.8,26.1,25.8,23.7,,,,2025-03-15 23:30:00+00:00,42001
711,170.0,10.0,14.0,3.6,,7.2,161.0,1001.7,26.1,25.8,23.7,,,,2025-03-15 23:20:00+00:00,42001
712,170.0,11.0,13.0,3.6,,7.2,161.0,1001.4,26.0,25.8,23.6,,,,2025-03-15 23:10:00+00:00,42001
713,170.0,11.0,13.0,,,,,1001.4,26.0,25.8,23.7,,-0.6,,2025-03-15 23:00:00+00:00,42001
714,180.0,11.0,14.0,3.4,,7.1,155.0,1001.5,26.0,25.8,23.7,,,,2025-03-15 22:50:00+00:00,42001
715,,,,3.4,9.0,7.1,155.0,,,,,,,,2025-03-15 22:40:00+00:00,42001
716,170.0,11.0,14.0,,,,,1001.2,26.0,25.7,23.7,,,,2025-03-15 22:30:00+00:00,42001
717,170.0,12.0,15.0,3.6,9.0,7.1,174.0,1001.2,25.9,25.7,23.6,,,,2025-03-15 22:20:00+00:00,42001
718,170.0,12.0,14.0,,,,,1001.1,25.9,25.7,23.6,,,,2025-03-15 22:10:00+00:00,42001
719,170.0,12.0,15.0,,,,,1001.2,25.9,25.7,23.6,,-0.8,,2025-03-15 22:00:00+00:00,42001
720,170.0,12.0,16.0,,,,,1001.1,25.9,25.7,23.5,,,,2025-03-15 21:50:00+00:00,42001
721,170.0,12.0,17.0,,,,,1001.1,25.9,25.7,23.6,,,,2025-03-15 21:40:00+00:00,42001
722,,,,,,,,1001.1,,25.7,,,,,2025-03-15 21:30:00+00:00,42001
723,170.0,12.0,16.0,3.7,9.0,7.3,167.0,1001.1,25.9,25.7,23.5,,,,2025-03-15 21:20:00+00:00,42001
724,170.0,13.0,17.0,,,,,1001.2,25.9,25.7,23.4,,,,2025-03-15 21:10:00+00:00,42001
725,170.0,13.0,16.0,,,,,1001.1,25.9,25.6,23.5,,-2.0,,2025-03-15 21:00:00+00:00,42001
726,170.0,13.0,17.0,4.1,8.0,7.5,164.0,1001.3,25.9,25.6,23.3,,,,2025-03-15 20:50:00+00:00,42001
727,170.0,12.0,15.0,,,,,1001.7,25.9,25.6,23.4,,,,2025-03-15 20:40:00+00:00,42001
728,170.0,13.0,17.0,,,,,1001.8,25.9,25.6,23.3,,,,2025-03-15 20:30:00+00:00,42001
729,170.0,14.0,18.0,4.0,9.0,7.2,175.0,1001.8,25.9,25.6,23.3,,,,2025-03-15 20:20:00+00:00,42001
730,170.0,13.0,17.0,4.0,,7.2,175.0,1001.9,25.9,25.5,23.3,,,,2025-03-15 20:10:00+00:00,42001
731,170.0,13.0,19.0,,,,,1001.9,25.9,25.5,23.3,,-2.8,,2025-03-15 20:00:00+00:00,42001
732,170.0,14.0,18.0,4.0,9.0,7.2,163.0,1001.9,25.9,25.4,23.1,,,,2025-03-15 19:50:00+00:00,42001
733,170.0,14.0,18.0,,,,,1002.1,25.9,25.3,23.1,,,,2025-03-15 19:40:00+00:00,42001
734,160.0,14.0,19.0,,,,,1002.2,25.9,25.2,23.1,,,,2025-03-15 19:30:00+00:00,42001
735,160.0,14.0,18.0,4.1,10.0,7.4,166.0,1002.3,25.8,25.2,23.0,,,,2025-03-15 19:20:00+00:00,42001
736,160.0,14.0,17.0,4.1,,7.4,166.0,1002.4,25.8,25.2,23.1,,,,2025-03-15 19:10:00+00:00,42001
737,160.0,14.0,18.0,,,,,1002.4,25.8,25.3,23.0,,-3.4,,2025-03-15 19:00:00+00:00,42001
738,160.0,15.0,19.0,3.8,8.0,7.2,174.0,1002.6,25.9,25.3,23.0,,,,2025-03-15 18:50:00+00:00,42001
739,160.0,14.0,18.0,,,,,1002.8,25.9,25.3,23.1,,,,2025-03-15 18:40:00+00:00,42001
740,170.0,14.0,18.0,,,,,1003.4,25.9,25.3,23.0,,,,2025-03-15 18:30:00+00:00,42001
741,170.0,15.0,19.0,3.6,10.0,7.0,155.0,1003.5,25.9,25.3,22.9,,,,2025-03-15 18:20:00+00:00,42001
742,170.0,14.0,18.0,,,,,1003.6,25.9,25.4,23.0,,,,2025-03-15 18:10:00+00:00,42001
743,170.0,14.0,18.0,3.6,,7.0,155.0,1003.7,25.9,25.4,23.0,,-1.7,,2025-03-15 18:00:00+00:00,42001
744,160.0,14.0,18.0,3.6,,7.0,172.0,1004.0,26.0,25.4,23.0,,,,2025-03-15 17:50:00+00:00,42001
745,170.0,15.0,19.0,3.6,,7.0,172.0,1004.3,26.0,25.4,22.8,,,,2025-03-15 17:40:00+00:00,42001
746,160.0,15.0,20.0,,,,,1004.3,26.0,25.5,22.8,,,,2025-03-15 17:30:00+00:00,42001
747,170.0,14.0,20.0,3.8,9.0,7.2,172.0,1004.4,26.0,25.5,22.7,,,,2025-03-15 17:20:00+00:00,42001
748,160.0,14.0,18.0,3.8,,7.2,172.0,1004.5,26.0,25.5,22.7,,,,2025-03-15 17:10:00+00:00,42001
749,160.0,14.0,18.0,,,,,1004.6,26.0,25.6,22.9,,0.0,,2025-03-15 17:00:00+00:00,42001
750,160.0,14.0,18.0,3.8,9.0,7.2,161.0,1004.8,25.9,25.6,23.0,,,,2025-03-15 16:50:00+00:00,42001
751,160.0,13.0,17.0,,,,,1004.9,25.9,25.6,23.2,,,,2025-03-15 16:40:00+00:00,42001
752,160.0,13.0,17.0,,,,,1005.3,25.9,25.6,23.2,,,,2025-03-15 16:30:00+00:00,42001
753,160.0,13.0,17.0,3.9,9.0,7.3,162.0,1005.5,25.9,25.6,23.1,,,,2025-03-15 16:20:00+00:00,42001
754,170.0,13.0,17.0,3.9,,7.3,162.0,1005.7,25.9,25.7,23.1,,,,2025-03-15 16:10:00+00:00,42001
755,170.0,13.0,17.0,,,,,1005.7,25.9,25.7,23.0,,0.6,,2025-03-15 16:00:00+00:00,42001
756,170.0,13.0,16.0,3.7,8.0,7.2,157.0,1005.6,25.9,25.7,23.2,,,,2025-03-15 15:50:00+00:00,42001
757,170.0,13.0,17.0,,,,,1005.6,25.9,25.7,23.0,,,,2025-03-15 15:40:00+00:00,42001
758,170.0,14.0,18.0,,,,,1005.5,25.9,25.7,22.8,,,,2025-03-15 15:30:00+00:00,42001
759,170.0,14.0,17.0,4.0,9.0,7.4,155.0,1005.5,25.9,25.7,22.9,,,,2025-03-15 15:20:00+00:00,42001
760,170.0,14.0,18.0,4.0,,7.4,155.0,1005.5,25.9,25.7,22.9,,,,2025-03-15 15:10:00+00:00,42001
761,170.0,13.0,16.0,,,,,1005.5,25.9,25.7,22.9,,0.7,,2025-03-15 15:00:00+00:00,42001
762,160.0,13.0,17.0,3.6,9.0,7.1,163.0,1005.5,25.9,25.7,22.7,,,,2025-03-15 14:50:00+00:00,42001
763,170.0,14.0,18.0,,,,,1005.4,26.0,25.7,22.7,,,,2025-03-15 14:40:00+00:00,42001
764,170.0,13.0,17.0,,,,,1005.4,26.0,25.7,22.8,,,,2025-03-15 14:30:00+00:00,42001
765,170.0,13.0,18.0,3.5,8.0,6.8,166.0,1005.7,26.0,25.7,22.6,,,,2025-03-15 14:20:00+00:00,42001
766,170.0,13.0,18.0,,,,,1005.6,26.0,25.7,22.7,,,,2025-03-15 14:10:00+00:00,42001
767,170.0,13.0,17.0,3.5,,6.8,166.0,1005.6,26.0,25.7,22.7,,1.1,,2025-03-15 14:00:00+00:00,42001
768,170.0,13.0,17.0,3.9,9.0,7.3,158.0,1005.6,26.0,25.7,22.9,,,,2025-03-15 13:50:00+00:00,42001
769,170.0,13.0,16.0,,,,,1005.5,25.9,25.7,22.7,,,,2025-03-15 13:40:00+00:00,42001
770,170.0,14.0,17.0,,,,,1005.4,25.9,25.8,22.6,,,,2025-03-15 13:30:00+00:00,42001
771,170.0,14.0,19.0,3.8,9.0,7.1,167.0,1005.3,25.9,25.8,22.5,,,,2025-03-15 13:20:00+00:00,42001
772,170.0,14.0,18.0,,,,,1005.0,25.9,25.8,22.6,,,,2025-03-15 13:10:00+00:00,42001
773,170.0,13.0,16.0,,,,,1005.0,25.8,25.8,22.9,,1.8,,2025-03-15 13:00:00+00:00,42001
774,170.0,13.0,16.0,3.5,8.0,7.0,162.0,1004.9,25.9,25.8,22.8,,,,2025-03-15 12:50:00+00:00,42001
775,170.0,13.0,17.0,,,,,1004.8,25.9,25.8,22.9,,,,2025-03-15 12:40:00+00:00,42001
776,170.0,13.0,17.0,,,,,1004.8,25.9,25.8,22.9,,,,2025-03-15 12:30:00+00:00,42001
777,170.0,13.0,16.0,3.5,8.0,6.9,170.0,1004.5,25.9,25.8,23.0,,,,2025-03-15 12:20:00+00:00,42001
778,170.0,13.0,17.0,3.5,,6.9,170.0,1004.5,25.9,25.8,22.9,,,,2025-03-15 12:10:00+00:00,42001
779,170.0,13.0,17.0,,,,,1004.2,25.9,25.9,23.0,,1.4,,2025-03-15 12:00:00+00:00,42001
780,170.0,13.0,17.0,3.4,8.0,6.9,163.0,1004.3,25.9,25.9,22.9,,,,2025-03-15 11:50:00+00:00,42001
781,170.0,13.0,17.0,,,,,1004.3,25.9,25.9,23.0,,,,2025-03-15 11:40:00+00:00,42001
782,170.0,13.0,16.0,,,,,1004.2,25.9,25.9,23.1,,,,2025-03-15 11:30:00+00:00,42001
783,170.0,13.0,17.0,3.2,,6.7,155.0,1004.0,25.9,25.9,23.0,,,,2025-03-15 11:20:00+00:00,42001
784,,,,3.2,8.0,6.7,155.0,,,,,,,,2025-03-15 11:10:00+00:00,42001
785,160.0,13.0,17.0,,,,,1003.9,25.9,25.9,22.9,,0.8,,2025-03-15 11:00:00+00:00,42001
786,170.0,13.0,16.0,3.2,8.0,6.6,163.0,1004.0,26.0,25.9,23.0,,,,2025-03-15 10:50:00+00:00,42001
787,170.0,12.0,15.0,,,,,1004.2,25.9,25.9,23.1,,,,2025-03-15 10:40:00+00:00,42001
788,170.0,13.0,17.0,,,,,1004.1,26.0,25.9,23.0,,,,2025-03-15 10:30:00+00:00,42001
789,160.0,13.0,16.0,3.1,8.0,6.6,160.0,1004.0,25.9,25.9,23.0,,,,2025-03-15 10:20:00+00:00,42001
790,160.0,12.0,16.0,3.1,,6.6,160.0,1003.6,25.9,25.9,23.3,,,,2025-03-15 10:10:00+00:00,42001
791,160.0,13.0,16.0,,,,,1003.3,25.9,25.9,23.1,,-1.4,,2025-03-15 10:00:00+00:00,42001
792,160.0,12.0,16.0,2.8,7.0,6.4,160.0,1003.2,25.9,25.9,23.4,,,,2025-03-15 09:50:00+00:00,42001
793,160.0,12.0,15.0,,,,,1003.1,25.8,25.9,23.5,,,,2025-03-15 09:40:00+00:00,42001
794,160.0,13.0,16.0,,,,,1003.2,25.8,25.9,23.6,,,,2025-03-15 09:30:00+00:00,42001
795,160.0,13.0,17.0,2.7,8.0,6.2,161.0,1003.1,25.8,25.9,23.6,,,,2025-03-15 09:20:00+00:00,42001
796,160.0,13.0,17.0,2.7,,6.2,161.0,1003.3,25.8,25.9,23.7,,,,2025-03-15 09:10:00+00:00,42001
797,150.0,12.0,16.0,,,,,1003.5,25.8,25.9,23.7,,-2.3,,2025-03-15 09:00:00+00:00,42001
798,150.0,13.0,16.0,2.7,7.0,6.3,157.0,1003.6,25.8,25.9,23.6,,,,2025-03-15 08:50:00+00:00,42001
799,150.0,12.0,15.0,,,,,1003.6,25.8,25.9,23.7,,,,2025-03-15 08:40:00+00:00,42001
800,150.0,13.0,17.0,,,,,1003.6,25.8,25.9,23.7,,,,2025-03-15 08:30:00+00:00,42001
801,150.0,13.0,16.0,2.4,7.0,5.9,154.0,1003.6,25.8,25.9,23.8,,,,2025-03-15 08:20:00+00:00,42001
802,150.0,13.0,17.0,2.4,,5.9,154.0,1003.6,25.8,25.9,23.8,,,,2025-03-15 08:10:00+00:00,42001
803,150.0,13.0,16.0,,,,,1003.7,25.8,25.9,23.8,,-2.7,,2025-03-15 08:00:00+00:00,42001
804,150.0,13.0,16.0,2.4,,5.9,157.0,1003.9,,,,,,,2025-03-15 07:50:00+00:00,42001
805,150.0,13.0,15.0,,,,,1004.0,25.8,25.9,23.8,,,,2025-03-15 07:40:00+00:00,42001
806,150.0,12.0,15.0,2.4,,5.9,157.0,1004.4,25.8,25.9,23.8,,,,2025-03-15 07:30:00+00:00,42001
807,150.0,12.0,16.0,2.1,7.0,5.7,171.0,1004.5,25.8,25.9,23.8,,,,2025-03-15 07:20:00+00:00,42001
808,150.0,12.0,16.0,,,,,1004.6,25.8,25.9,23.8,,,,2025-03-15 07:10:00+00:00,42001
809,140.0,13.0,16.0,,,,,1004.8,25.8,25.9,23.9,,-3.0,,2025-03-15 07:00:00+00:00,42001
810,140.0,12.0,15.0,2.2,7.0,5.7,167.0,1004.8,25.8,25.9,23.9,,,,2025-03-15 06:50:00+00:00,42001
811,140.0,12.0,17.0,,,,,1004.9,25.8,25.8,24.0,,,,2025-03-15 06:40:00+00:00,42001
812,140.0,13.0,16.0,,,,,1005.1,25.8,25.8,24.0,,,,2025-03-15 06:30:00+00:00,42001
813,140.0,13.0,16.0,2.0,7.0,5.6,157.0,1005.2,25.8,25.8,24.1,,,,2025-03-15 06:20:00+00:00,42001
814,140.0,12.0,16.0,2.0,,5.6,157.0,1005.6,25.8,25.9,24.1,,,,2025-03-15 06:10:00+00:00,42001
815,140.0,12.0,15.0,,,,,1005.8,25.7,25.9,24.1,,-2.7,,2025-03-15 06:00:00+00:00,42001
816,140.0,12.0,15.0,1.9,7.0,5.5,168.0,1005.9,25.7,25.9,24.1,,,,2025-03-15 05:50:00+00:00,42001
817,140.0,12.0,15.0,,,,,1006.2,25.7,25.9,24.1,,,,2025-03-15 05:40:00+00:00,42001
818,140.0,11.0,14.0,,,,,1006.3,25.7,25.8,24.2,,,,2025-03-15 05:30:00+00:00,42001
819,140.0,11.0,14.0,1.8,7.0,5.6,167.0,1006.3,25.7,25.8,24.3,,,,2025-03-15 05:20:00+00:00,42001
820,140.0,11.0,14.0,1.8,,5.6,167.0,1006.3,25.7,25.8,24.2,,,,2025-03-15 05:10:00+00:00,42001
821,140.0,12.0,14.0,,,,,1006.5,25.7,25.8,24.2,,-1.7,,2025-03-15 05:00:00+00:00,42001
822,140.0,11.0,14.0,1.8,7.0,5.5,169.0,1006.6,25.7,25.8,24.2,,,,2025-03-15 04:50:00+00:00,42001
823,140.0,11.0,15.0,,,,,1006.9,25.7,25.8,24.2,,,,2025-03-15 04:40:00+00:00,42001
824,140.0,11.0,14.0,,,,,1007.2,25.7,25.8,24.2,,,,2025-03-15 04:30:00+00:00,42001
825,140.0,11.0,13.0,1.7,7.0,5.5,170.0,1007.3,25.6,,24.1,,,,2025-03-15 04:20:00+00:00,42001
826,140.0,10.0,13.0,1.7,,5.5,170.0,1007.4,25.6,25.8,24.2,,,,2025-03-15 04:10:00+00:00,42001
827,140.0,11.0,13.0,,,,,1007.7,25.6,25.8,24.1,,0.0,,2025-03-15 04:00:00+00:00,42001
828,140.0,10.0,13.0,1.7,7.0,5.6,162.0,1007.8,25.6,25.8,24.1,,,,2025-03-15 03:50:00+00:00,42001
829,140.0,10.0,13.0,1.7,,5.6,162.0,1007.8,25.6,25.9,24.1,,,,2025-03-15 03:40:00+00:00,42001
830,140.0,10.0,13.0,,,,,1007.9,25.6,25.9,24.1,,,,2025-03-15 03:30:00+00:00,42001
831,140.0,10.0,12.0,1.5,6.0,5.4,165.0,1008.0,25.6,25.9,24.1,,,,2025-03-15 03:20:00+00:00,42001
832,140.0,10.0,11.0,1.5,,5.4,165.0,1008.0,25.6,25.9,24.2,,,,2025-03-15 03:10:00+00:00,42001
833,140.0,9.0,12.0,,,,,1008.3,25.6,25.9,24.2,,0.8,,2025-03-15 03:00:00+00:00,42001
834,140.0,10.0,12.0,1.5,7.0,5.3,166.0,1008.2,25.6,25.9,24.2,,,,2025-03-15 02:50:00+00:00,42001
835,140.0,10.0,11.0,,,,,1008.1,25.6,25.9,24.2,,,,2025-03-15 02:40:00+00:00,42001
836,140.0,9.0,12.0,1.5,,5.3,166.0,1008.1,25.6,25.9,24.2,,,,2025-03-15 02:30:00+00:00,42001
837,140.0,9.0,11.0,1.7,7.0,5.5,165.0,1008.1,25.6,25.9,24.2,,,,2025-03-15 02:20:00+00:00,42001
838,140.0,9.0,11.0,,,,,1008.0,25.5,25.9,24.2,,,,2025-03-15 02:10:00+00:00,42001
839,140.0,8.0,10.0,,,,,1007.8,25.6,25.9,24.3,,0.7,,2025-03-15 02:00:00+00:00,42001
840,140.0,9.0,11.0,1.5,7.0,5.4,155.0,1007.7,25.5,25.9,24.1,,,,2025-03-15 01:50:00+00:00,42001
841,140.0,8.0,10.0,,,,,1007.7,25.6,25.9,24.3,,,,2025-03-15 01:40:00+00:00,42001
842,140.0,9.0,11.0,,,,,1007.5,25.6,25.9,24.1,,,,2025-03-15 01:30:00+00:00,42001
843,150.0,9.0,11.0,1.5,6.0,5.4,161.0,1007.6,25.6,25.9,24.1,,,,2025-03-15 01:20:00+00:00,42001
844,150.0,9.0,11.0,,,,,1007.5,25.6,25.9,24.0,,,,2025-03-15 01:10:00+00:00,42001
845,150.0,9.0,11.0,,,,,1007.5,25.6,26.0,23.9,,0.4,,2025-03-15 01:00:00+00:00,42001
846,150.0,9.0,11.0,1.6,7.0,5.4,155.0,1007.4,25.7,26.0,24.0,,,,2025-03-15 00:50:00+00:00,42001
847,150.0,9.0,11.0,,,,,1007.3,25.7,26.0,23.8,,,,2025-03-15 00:40:00+00:00,42001
848,150.0,9.0,11.0,,,,,1007.3,25.7,26.0,23.8,,,,2025-03-15 00:30:00+00:00,42001
849,150.0,8.0,10.0,1.5,6.0,5.4,168.0,1007.3,25.6,26.0,23.7,,,,2025-03-15 00:20:00+00:00,42001
850,150.0,8.0,10.0,,,,,1007.2,25.7,26.0,23.8,,,,2025-03-15 00:10:00+00:00,42001
851,150.0,8.0,9.0,,,,,1007.2,25.7,26.0,23.7,,-0.0,,2025-03-15 00:00:00+00:00,42001
852,150.0,8.0,10.0,1.5,6.0,5.4,165.0,1007.2,25.7,26.0,23.6,,,,2025-03-14 23:50:00+00:00,42001
853,150.0,8.0,10.0,,,,,1007.2,25.8,26.0,23.6,,,,2025-03-14 23:40:00+00:00,42001
854,150.0,8.0,10.0,,,,,1007.2,25.8,26.0,23.5,,,,2025-03-14 23:30:00+00:00,42001
855,150.0,9.0,11.0,1.6,6.0,5.3,158.0,1007.0,25.8,26.0,23.4,,,,2025-03-14 23:20:00+00:00,42001
856,160.0,9.0,10.0,1.6,,5.3,158.0,1007.0,25.8,26.0,23.5,,,,2025-03-14 23:10:00+00:00,42001
857,150.0,9.0,11.0,,,,,1007.0,25.8,26.0,23.6,,-1.3,,2025-03-14 23:00:00+00:00,42001
858,150.0,9.0,11.0,1.5,6.0,5.2,164.0,1006.9,25.7,26.0,23.6,,,,2025-03-14 22:50:00+00:00,42001
859,150.0,9.0,12.0,,,,,1006.8,25.7,26.0,23.7,,,,2025-03-14 22:40:00+00:00,42001
860,150.0,9.0,11.0,,,,,1006.7,25.7,26.0,23.8,,,,2025-03-14 22:30:00+00:00,42001
861,150.0,9.0,11.0,1.5,,5.2,167.0,1006.7,25.7,26.0,23.9,,,,2025-03-14 22:20:00+00:00,42001
862,,,,1.5,6.0,5.2,167.0,,,,,,,,2025-03-14 22:10:00+00:00,42001
863,150.0,9.0,11.0,,,,,1006.9,25.7,26.0,23.8,,-2.4,,2025-03-14 22:00:00+00:00,42001
864,150.0,9.0,11.0,1.4,6.0,5.2,159.0,1006.9,25.6,26.0,23.8,,,,2025-03-14 21:50:00+00:00,42001
865,150.0,8.0,11.0,,,,,1007.0,25.6,26.0,23.9,,,,2025-03-14 21:40:00+00:00,42001
866,150.0,8.0,10.0,,,,,1007.2,25.6,26.0,23.9,,,,2025-03-14 21:30:00+00:00,42001
867,150.0,9.0,11.0,1.4,6.0,5.2,155.0,1007.2,25.6,26.0,23.9,,,,2025-03-14 21:20:00+00:00,42001
868,150.0,9.0,11.0,1.4,,5.2,155.0,1007.3,25.6,26.0,23.9,,,,2025-03-14 21:10:00+00:00,42001
869,150.0,8.0,11.0,,,,,1007.4,25.6,26.0,23.9,,-2.9,,2025-03-14 21:00:00+00:00,42001
870,150.0,9.0,11.0,1.4,,5.1,157.0,1007.5,25.6,25.9,23.8,,,,2025-03-14 20:50:00+00:00,42001
871,,,,1.4,6.0,5.1,157.0,,,,,,,,2025-03-14 20:40:00+00:00,42001
872,150.0,8.0,11.0,,,,,1008.0,25.6,25.9,23.9,,,,2025-03-14 20:30:00+00:00,42001
873,150.0,8.0,11.0,1.4,6.0,5.1,160.0,1008.2,25.6,25.9,23.9,,,,2025-03-14 20:20:00+00:00,42001
874,150.0,8.0,10.0,1.4,,5.1,160.0,1008.3,25.6,25.8,23.8,,,,2025-03-14 20:10:00+00:00,42001
875,150.0,9.0,11.0,,,,,1008.3,25.5,25.8,23.7,,-2.7,,2025-03-14 20:00:00+00:00,42001
876,150.0,8.0,10.0,1.4,6.0,5.0,158.0,1008.6,25.6,25.7,23.8,,,,2025-03-14 19:50:00+00:00,42001
877,150.0,8.0,11.0,1.4,,5.0,158.0,1008.8,25.6,25.6,23.9,,,,2025-03-14 19:40:00+00:00,42001
878,150.0,8.0,11.0,,,,,1009.1,25.5,25.5,23.8,,,,2025-03-14 19:30:00+00:00,42001
879,150.0,8.0,9.0,1.3,6.0,4.9,154.0,1009.3,25.6,25.5,24.0,,,,2025-03-14 19:20:00+00:00,42001
880,150.0,9.0,11.0,1.3,,4.9,154.0,1009.3,25.6,,23.9,,,,2025-03-14 19:10:00+00:00,42001
881,160.0,8.0,10.0,,,,,1009.4,25.6,25.5,23.8,,-1.8,,2025-03-14 19:00:00+00:00,42001
882,150.0,8.0,10.0,1.1,,4.7,163.0,1009.6,25.5,25.5,23.8,,,,2025-03-14 18:50:00+00:00,42001
883,150.0,8.0,10.0,1.1,,4.7,163.0,1009.8,25.6,25.5,23.9,,,,2025-03-14 18:40:00+00:00,42001
884,150.0,9.0,11.0,1.1,,4.7,163.0,1009.7,25.5,25.5,23.9,,,,2025-03-14 18:30:00+00:00,42001
885,150.0,9.0,11.0,1.1,,4.7,169.0,1009.9,25.5,,23.9,,,,2025-03-14 18:20:00+00:00,42001
886,150.0,8.0,10.0,1.1,,4.7,169.0,1010.0,25.5,25.5,23.9,,,,2025-03-14 18:10:00+00:00,42001
887,150.0,8.0,10.0,,,,,1010.2,25.5,25.5,23.9,,-0.8,,2025-03-14 18:00:00+00:00,42001
888,150.0,8.0,10.0,1.1,,4.6,165.0,1010.3,25.5,25.5,24.0,,,,2025-03-14 17:50:00+00:00,42001
889,160.0,9.0,10.0,1.1,,4.6,165.0,1010.4,25.5,25.5,23.9,,,,2025-03-14 17:40:00+00:00,42001
890,150.0,9.0,11.0,,,,,1010.5,25.5,25.5,23.9,,,,2025-03-14 17:30:00+00:00,42001
891,150.0,8.0,10.0,1.0,,4.5,170.0,1010.7,25.5,,24.0,,,,2025-03-14 17:20:00+00:00,42001
892,,,,1.0,5.0,4.5,170.0,,,25.5,,,,,2025-03-14 17:10:00+00:00,42001
893,150.0,8.0,9.0,,,,,1010.9,25.5,25.5,24.0,,0.4,,2025-03-14 17:00:00+00:00,42001
894,150.0,8.0,10.0,1.0,5.0,4.6,162.0,1011.1,25.6,25.5,24.1,,,,2025-03-14 16:50:00+00:00,42001
895,150.0,8.0,9.0,,,,,1011.3,25.6,25.5,24.1,,,,2025-03-14 16:40:00+00:00,42001
896,150.0,8.0,9.0,,,,,1011.3,25.6,25.5,24.1,,,,2025-03-14 16:30:00+00:00,42001
897,150.0,7.0,9.0,1.0,6.0,4.7,170.0,1011.4,25.6,25.5,24.1,,,,2025-03-14 16:20:00+00:00,42001
898,150.0,7.0,8.0,1.0,,4.7,170.0,1011.5,25.6,25.5,24.1,,,,2025-03-14 16:10:00+00:00,42001
899,150.0,8.0,9.0,,,,,1011.5,25.5,25.5,24.0,,1.2,,2025-03-14 16:00:00+00:00,42001
900,150.0,7.0,9.0,1.0,6.0,4.8,170.0,1011.5,25.6,25.5,24.0,,,,2025-03-14 15:50:00+00:00,42001
901,150.0,7.0,9.0,,,,,1011.5,25.6,25.5,23.9,,,,2025-03-14 15:40:00+00:00,42001
902,150.0,7.0,9.0,,,,,1011.5,25.6,25.5,23.8,,,,2025-03-14 15:30:00+00:00,42001
903,150.0,7.0,9.0,1.0,6.0,4.7,169.0,1011.4,25.5,25.4,23.9,,,,2025-03-14 15:20:00+00:00,42001
904,150.0,7.0,9.0,,,,,1011.3,25.5,25.4,23.9,,,,2025-03-14 15:10:00+00:00,42001
905,150.0,7.0,9.0,,,,,1011.2,25.5,25.4,24.1,,1.4,,2025-03-14 15:00:00+00:00,42001
906,150.0,7.0,9.0,1.0,6.0,4.6,169.0,1011.1,25.4,25.3,24.0,,,,2025-03-14 14:50:00+00:00,42001
907,150.0,7.0,8.0,,,,,1011.2,25.4,25.3,24.0,,,,2025-03-14 14:40:00+00:00,42001
908,150.0,7.0,9.0,,,,,1011.2,25.3,25.3,23.9,,,,2025-03-14 14:30:00+00:00,42001
909,150.0,7.0,8.0,1.0,5.0,4.5,177.0,1011.2,25.3,25.3,23.9,,,,2025-03-14 14:20:00+00:00,42001
910,150.0,7.0,9.0,1.0,,4.5,177.0,1011.0,25.3,25.3,23.8,,,,2025-03-14 14:10:00+00:00,42001
911,150.0,7.0,9.0,,,,,1010.8,25.3,25.3,23.8,,1.4,,2025-03-14 14:00:00+00:00,42001
912,150.0,7.0,8.0,1.1,5.0,4.5,169.0,1010.7,25.3,25.2,23.7,,,,2025-03-14 13:50:00+00:00,42001
913,150.0,7.0,9.0,,,,,1010.5,25.2,25.2,23.6,,,,2025-03-14 13:40:00+00:00,42001
914,150.0,8.0,10.0,,,,,1010.5,25.2,25.2,23.5,,,,2025-03-14 13:30:00+00:00,42001
915,150.0,8.0,10.0,0.9,5.0,4.5,172.0,1010.4,25.1,25.2,23.4,,,,2025-03-14 13:20:00+00:00,42001
916,150.0,8.0,10.0,0.9,,4.5,172.0,1010.4,25.1,25.2,23.5,,,,2025-03-14 13:10:00+00:00,42001
917,150.0,8.0,10.0,,,,,1010.2,25.1,25.2,23.5,,0.6,,2025-03-14 13:00:00+00:00,42001
918,150.0,8.0,9.0,1.0,6.0,4.6,165.0,1010.2,25.1,25.1,23.5,,,,2025-03-14 12:50:00+00:00,42001
919,150.0,8.0,9.0,,,,,1010.1,25.0,25.1,23.4,,,,2025-03-14 12:40:00+00:00,42001
920,150.0,8.0,9.0,,,,,1010.0,25.0,25.1,23.5,,,,2025-03-14 12:30:00+00:00,42001
921,150.0,8.0,10.0,0.9,6.0,4.5,158.0,1010.0,24.9,25.1,23.4,,,,2025-03-14 12:20:00+00:00,42001
922,140.0,7.0,9.0,0.9,,4.5,158.0,1009.9,24.9,25.1,23.5,,,,2025-03-14 12:10:00+00:00,42001
923,140.0,7.0,8.0,,,,,1009.9,24.9,25.2,23.5,,-0.4,,2025-03-14 12:00:00+00:00,42001
924,140.0,6.0,8.0,0.9,5.0,4.6,164.0,1009.7,24.9,25.2,23.5,,,,2025-03-14 11:50:00+00:00,42001
925,140.0,6.0,8.0,,,,,1009.6,24.9,25.1,23.5,,,,2025-03-14 11:40:00+00:00,42001
926,140.0,7.0,8.0,,,,,1009.6,24.9,25.2,23.5,,,,2025-03-14 11:30:00+00:00,42001
927,140.0,7.0,8.0,0.9,6.0,4.5,171.0,1009.6,24.9,25.2,23.6,,,,2025-03-14 11:20:00+00:00,42001
928,150.0,7.0,8.0,,,,,1009.5,24.9,25.2,23.5,,,,2025-03-14 11:10:00+00:00,42001
929,150.0,7.0,8.0,,,,,1009.4,24.9,25.2,23.5,,-2.0,,2025-03-14 11:00:00+00:00,42001
930,150.0,7.0,8.0,0.9,6.0,4.4,154.0,1009.4,24.9,25.2,23.4,,,,2025-03-14 10:50:00+00:00,42001
931,150.0,8.0,9.0,,,,,1009.4,24.9,25.2,23.4,,,,2025-03-14 10:40:00+00:00,42001
932,150.0,7.0,9.0,,,,,1009.4,24.9,25.2,23.5,,,,2025-03-14 10:30:00+00:00,42001
933,160.0,8.0,9.0,0.8,6.0,4.4,171.0,1009.4,24.9,25.2,23.6,,,,2025-03-14 10:20:00+00:00,42001
934,150.0,7.0,8.0,,,,,1009.6,24.9,25.2,23.7,,,,2025-03-14 10:10:00+00:00,42001
935,150.0,7.0,8.0,,,,,1009.6,24.9,25.2,23.6,,-2.1,,2025-03-14 10:00:00+00:00,42001
936,150.0,7.0,8.0,0.8,6.0,4.4,167.0,1009.6,24.9,25.2,23.5,,,,2025-03-14 09:50:00+00:00,42001
937,150.0,7.0,8.0,,,,,1009.6,24.9,25.2,23.7,,,,2025-03-14 09:40:00+00:00,42001
938,150.0,7.0,8.0,,,,,1009.7,24.9,25.2,23.6,,,,2025-03-14 09:30:00+00:00,42001
939,150.0,7.0,8.0,0.7,6.0,4.5,163.0,1009.9,24.9,25.2,23.5,,,,2025-03-14 09:20:00+00:00,42001
940,160.0,6.0,7.0,0.7,,4.5,163.0,1010.0,24.9,25.2,23.4,,,,2025-03-14 09:10:00+00:00,42001
941,160.0,6.0,7.0,,,,,1010.2,24.9,25.2,23.5,,-1.9,,2025-03-14 09:00:00+00:00,42001
942,160.0,6.0,8.0,0.8,5.0,4.6,176.0,1010.2,24.9,25.2,23.4,,,,2025-03-14 08:50:00+00:00,42001
943,160.0,5.0,7.0,0.8,,4.6,176.0,1010.5,24.9,25.2,23.4,,,,2025-03-14 08:40:00+00:00,42001
944,160.0,5.0,6.0,,,,,1010.5,24.9,25.2,23.2,,,,2025-03-14 08:30:00+00:00,42001
945,170.0,5.0,6.0,0.8,6.0,4.5,174.0,1010.6,24.9,25.2,23.1,,,,2025-03-14 08:20:00+00:00,42001
946,170.0,5.0,7.0,0.8,,4.5,174.0,1010.9,24.9,25.3,23.2,,,,2025-03-14 08:10:00+00:00,42001
947,170.0,5.0,6.0,,,,,1011.3,24.9,25.3,23.1,,-1.1,,2025-03-14 08:00:00+00:00,42001
948,170.0,5.0,6.0,0.8,6.0,4.6,162.0,1011.5,24.9,25.3,23.1,,,,2025-03-14 07:50:00+00:00,42001
949,170.0,5.0,6.0,,,,,1011.5,24.9,25.3,23.2,,,,2025-03-14 07:40:00+00:00,42001
950,170.0,5.0,6.0,,,,,1011.5,24.9,25.3,23.2,,,,2025-03-14 07:30:00+00:00,42001
951,160.0,5.0,6.0,0.8,6.0,4.6,178.0,1011.6,25.0,25.3,23.3,,,,2025-03-14 07:20:00+00:00,42001
952,160.0,5.0,6.0,0.8,,4.6,178.0,1011.5,24.9,25.3,23.3,,,,2025-03-14 07:10:00+00:00,42001
953,160.0,5.0,6.0,,,,,1011.5,25.0,25.3,23.4,,-1.4,,2025-03-14 07:00:00+00:00,42001
954,160.0,5.0,6.0,0.8,6.0,4.7,179.0,1011.7,25.0,25.3,23.4,,,,2025-03-14 06:50:00+00:00,42001
955,160.0,5.0,6.0,,,,,1011.8,25.0,25.3,23.4,,,,2025-03-14 06:40:00+00:00,42001
956,160.0,5.0,6.0,,,,,1011.8,25.0,25.3,23.3,,,,2025-03-14 06:30:00+00:00,42001
957,160.0,5.0,5.0,0.8,6.0,4.7,177.0,1011.8,25.0,25.3,23.3,,,,2025-03-14 06:20:00+00:00,42001
958,170.0,5.0,6.0,0.8,,4.7,177.0,1012.0,25.0,25.3,23.2,,,,2025-03-14 06:10:00+00:00,42001
959,160.0,5.0,6.0,,,,,1012.1,25.0,25.3,23.3,,-0.8,,2025-03-14 06:00:00+00:00,42001
960,170.0,5.0,6.0,0.8,,4.6,177.0,1012.1,25.0,25.3,23.2,,,,2025-03-14 05:50:00+00:00,42001
961,170.0,5.0,6.0,0.8,,4.6,177.0,1012.3,25.1,25.3,23.3,,,,2025-03-14 05:40:00+00:00,42001
962,170.0,5.0,6.0,,,,,1012.4,25.1,25.3,23.4,,,,2025-03-14 05:30:00+00:00,42001
963,170.0,5.0,6.0,0.9,6.0,4.7,177.0,1012.4,25.1,25.3,23.4,,,,2025-03-14 05:20:00+00:00,42001
964,160.0,5.0,6.0,0.9,,4.7,177.0,1012.4,25.1,25.3,23.3,,,,2025-03-14 05:10:00+00:00,42001
965,170.0,5.0,5.0,,,,,1012.5,25.1,25.3,23.4,,0.0,,2025-03-14 05:00:00+00:00,42001
966,180.0,5.0,6.0,0.9,6.0,4.8,171.0,1012.6,25.1,25.4,23.4,,,,2025-03-14 04:50:00+00:00,42001
967,170.0,5.0,6.0,,,,,1012.7,25.1,25.4,23.3,,,,2025-03-14 04:40:00+00:00,42001
968,180.0,5.0,5.0,,,,,1012.8,25.1,25.4,23.3,,,,2025-03-14 04:30:00+00:00,42001
969,180.0,4.0,5.0,0.9,6.0,4.8,169.0,1012.8,25.2,25.4,23.5,,,,2025-03-14 04:20:00+00:00,42001
970,180.0,4.0,5.0,,,,,1012.9,25.2,25.4,23.4,,,,2025-03-14 04:10:00+00:00,42001
971,190.0,4.0,5.0,,,,,1012.9,25.2,25.4,23.4,,1.2,,2025-03-14 04:00:00+00:00,42001
972,190.0,4.0,5.0,1.0,6.0,4.9,179.0,1013.0,25.2,25.4,23.4,,,,2025-03-14 03:50:00+00:00,42001
973,190.0,4.0,4.0,,,,,1013.1,25.2,25.4,23.4,,,,2025-03-14 03:40:00+00:00,42001
974,190.0,4.0,5.0,,,,,1013.2,25.2,25.4,23.3,,,,2025-03-14 03:30:00+00:00,42001
975,190.0,4.0,5.0,1.0,6.0,4.9,182.0,1013.1,25.2,25.4,23.4,,,,2025-03-14 03:20:00+00:00,42001
976,190.0,4.0,5.0,1.0,,4.9,182.0,1012.9,25.2,25.4,23.3,,,,2025-03-14 03:10:00+00:00,42001
977,190.0,4.0,5.0,,,,,1012.8,25.2,25.5,23.4,,1.2,,2025-03-14 03:00:00+00:00,42001
978,180.0,4.0,6.0,1.0,6.0,4.9,174.0,1012.7,25.3,25.5,23.6,,,,2025-03-14 02:50:00+00:00,42001
979,180.0,5.0,6.0,,,,,1012.6,25.3,25.5,23.5,,,,2025-03-14 02:40:00+00:00,42001
980,180.0,4.0,5.0,,,,,1012.6,25.3,25.4,23.5,,,,2025-03-14 02:30:00+00:00,42001
981,180.0,5.0,6.0,1.1,6.0,4.9,185.0,1012.6,25.3,25.5,23.4,,,,2025-03-14 02:20:00+00:00,42001
982,180.0,5.0,6.0,,,,,1012.6,25.3,25.5,23.4,,,,2025-03-14 02:10:00+00:00,42001
983,190.0,5.0,6.0,,,,,1012.4,25.3,25.5,23.4,,0.9,,2025-03-14 02:00:00+00:00,42001
984,180.0,5.0,6.0,1.0,6.0,4.8,178.0,1012.3,25.3,25.5,23.4,,,,2025-03-14 01:50:00+00:00,42001
985,180.0,5.0,6.0,,,,,1012.2,25.3,25.5,23.4,,,,2025-03-14 01:40:00+00:00,42001
986,190.0,5.0,6.0,,,,,1012.1,25.3,25.5,23.3,,,,2025-03-14 01:30:00+00:00,42001
987,190.0,5.0,6.0,1.1,6.0,4.9,172.0,1012.1,25.3,25.5,23.4,,,,2025-03-14 01:20:00+00:00,42001
988,190.0,5.0,6.0,,,,,1011.9,25.3,25.5,23.4,,,,2025-03-14 01:10:00+00:00,42001
989,190.0,5.0,7.0,,,,,1011.8,25.3,25.5,23.3,,0.0,,2025-03-14 01:00:00+00:00,42001
990,190.0,5.0,6.0,1.0,6.0,4.7,174.0,1011.8,25.3,25.5,23.4,,,,2025-03-14 00:50:00+00:00,42001
991,190.0,5.0,7.0,,,,,1011.7,25.3,,23.4,,,,2025-03-14 00:40:00+00:00,42001
992,190.0,6.0,7.0,,,,,1011.5,25.3,25.5,23.4,,,,2025-03-14 00:30:00+00:00,42001
993,190.0,6.0,7.0,0.9,,4.8,183.0,1011.5,,,,,,,2025-03-14 00:20:00+00:00,42001
994,190.0,6.0,7.0,0.9,,4.8,183.0,1011.5,25.3,25.5,23.3,,,,2025-03-14 00:10:00+00:00,42001
995,190.0,6.0,7.0,,,,,1011.5,25.3,25.5,23.3,,-0.4,,2025-03-14 00:00:00+00:00,42001
996,190.0,5.0,6.0,1.0,,4.7,177.0,1011.5,25.3,25.5,23.4,,,,2025-03-13 23:50:00+00:00,42001
997,200.0,5.0,6.0,1.0,,4.7,177.0,1011.5,25.3,25.6,23.4,,,,2025-03-13 23:40:00+00:00,42001
998,200.0,5.0,6.0,,,,,1011.5,25.3,25.6,23.3,,,,2025-03-13 23:30:00+00:00,42001
999,200.0,5.0,7.0,1.0,,4.8,177.0,1011.5,25.4,25.6,23.4,,,,2025-03-13 23:10:00+00:00,42001
1000,200.0,5.0,6.0,,,,,1011.6,25.4,25.6,23.4,,-1.1,,2025-03-13 23:00:00+00:00,42001
1001,190.0,5.0,6.0,1.1,6.0,4.9,179.0,1011.6,25.4,25.6,23.4,,,,2025-03-13 22:50:00+00:00,42001
1002,200.0,5.0,6.0,,,,,1011.6,25.4,25.6,23.4,,,,2025-03-13 22:40:00+00:00,42001
1003,200.0,5.0,6.0,1.1,,4.9,179.0,1011.8,25.4,25.6,23.3,,,,2025-03-13 22:30:00+00:00,42001
1004,200.0,5.0,6.0,1.0,,4.8,165.0,1011.7,25.4,25.6,23.4,,,,2025-03-13 22:20:00+00:00,42001
1005,,,,1.0,5.0,4.8,165.0,,,,,,,,2025-03-13 22:10:00+00:00,42001
1006,190.0,5.0,6.0,,,,,1011.7,25.4,25.6,23.3,,-1.6,,2025-03-13 22:00:00+00:00,42001
1007,190.0,5.0,6.0,1.0,5.0,4.8,170.0,1011.8,25.5,25.6,23.4,,,,2025-03-13 21:50:00+00:00,42001
1008,190.0,5.0,6.0,1.0,,4.8,170.0,1011.6,25.4,25.6,23.2,,,,2025-03-13 21:40:00+00:00,42001
1009,190.0,5.0,6.0,,,,,1011.6,25.4,25.6,23.2,,,,2025-03-13 21:30:00+00:00,42001
1010,190.0,5.0,6.0,1.1,,4.8,165.0,1011.9,25.4,25.6,23.1,,,,2025-03-13 21:20:00+00:00,42001
1011,,,,1.1,5.0,4.8,165.0,,,,,,,,2025-03-13 21:10:00+00:00,42001
1012,200.0,6.0,6.0,,,,,1012.0,25.4,25.6,23.0,,-1.8,,2025-03-13 21:00:00+00:00,42001
1013,190.0,6.0,6.0,1.0,5.0,4.8,154.0,1012.1,25.5,25.6,23.0,,,,2025-03-13 20:50:00+00:00,42001
1014,190.0,5.0,6.0,,,,,1012.3,25.5,25.6,22.9,,,,2025-03-13 20:40:00+00:00,42001
1015,190.0,5.0,7.0,,,,,1012.4,25.5,25.6,22.8,,,,2025-03-13 20:30:00+00:00,42001
1016,190.0,5.0,7.0,0.9,5.0,4.7,172.0,1012.4,25.5,25.6,22.8,,,,2025-03-13 20:20:00+00:00,42001
1017,190.0,5.0,6.0,0.9,,4.7,172.0,1012.5,25.5,25.6,22.7,,,,2025-03-13 20:10:00+00:00,42001
1018,180.0,5.0,6.0,,,,,1012.6,25.5,25.6,22.7,,-1.8,,2025-03-13 20:00:00+00:00,42001
1019,190.0,5.0,6.0,0.9,5.0,4.7,169.0,1012.8,25.5,25.6,22.7,,,,2025-03-13 19:50:00+00:00,42001
1020,180.0,5.0,7.0,0.9,,4.7,169.0,1012.8,25.5,25.6,22.5,,,,2025-03-13 19:40:00+00:00,42001
1021,180.0,5.0,6.0,,,,,1012.9,25.5,25.6,22.6,,,,2025-03-13 19:30:00+00:00,42001
1022,180.0,4.0,7.0,0.9,,4.6,177.0,1013.1,25.5,,22.8,,,,2025-03-13 19:20:00+00:00,42001
1023,,,,0.9,5.0,4.6,177.0,,,25.6,,,,,2025-03-13 19:10:00+00:00,42001
1024,180.0,6.0,7.0,,,,,1013.2,25.4,25.6,22.3,,-1.4,,2025-03-13 19:00:00+00:00,42001
1025,180.0,6.0,7.0,0.9,5.0,4.5,178.0,1013.3,25.4,25.6,22.2,,,,2025-03-13 18:50:00+00:00,42001
1026,170.0,6.0,7.0,,,,,1013.5,25.4,25.6,22.1,,,,2025-03-13 18:40:00+00:00,42001
1027,170.0,6.0,8.0,,,,,1013.5,25.4,25.6,22.0,,,,2025-03-13 18:30:00+00:00,42001
1028,170.0,6.0,8.0,0.9,5.0,4.5,177.0,1013.7,25.4,25.6,22.1,,,,2025-03-13 18:20:00+00:00,42001
1029,170.0,6.0,8.0,0.9,,4.5,177.0,1013.8,25.5,25.6,22.0,,,,2025-03-13 18:10:00+00:00,42001
1030,170.0,6.0,8.0,,,,,1013.8,25.4,25.6,21.7,,-0.9,,2025-03-13 18:00:00+00:00,42001
1031,170.0,6.0,8.0,0.8,5.0,4.4,166.0,1013.8,25.4,25.6,21.5,,,,2025-03-13 17:50:00+00:00,42001
1032,170.0,6.0,8.0,,,,,1014.0,25.5,25.6,21.4,,,,2025-03-13 17:40:00+00:00,42001
1033,180.0,7.0,8.0,,,,,1014.0,25.4,25.6,21.4,,,,2025-03-13 17:30:00+00:00,42001
1034,170.0,6.0,7.0,0.8,5.0,4.4,158.0,1014.2,25.4,25.6,21.5,,,,2025-03-13 17:20:00+00:00,42001
1035,180.0,6.0,7.0,0.8,,4.4,158.0,1014.4,25.4,25.6,21.5,,,,2025-03-13 17:10:00+00:00,42001
1036,180.0,6.0,7.0,,,,,1014.5,25.3,25.6,21.5,,-0.8,,2025-03-13 17:00:00+00:00,42001
1037,180.0,6.0,7.0,0.8,5.0,4.4,170.0,1014.6,25.3,25.5,21.4,,,,2025-03-13 16:50:00+00:00,42001
1038,180.0,6.0,7.0,,,,,1014.6,25.3,25.5,21.1,,,,2025-03-13 16:40:00+00:00,42001
1039,180.0,5.0,6.0,,,,,1014.7,25.3,25.5,21.4,,,,2025-03-13 16:30:00+00:00,42001
1040,180.0,5.0,6.0,0.8,5.0,4.5,165.0,1014.8,25.3,25.5,21.4,,,,2025-03-13 16:20:00+00:00,42001
1041,180.0,4.0,5.0,0.8,,4.5,165.0,1014.7,25.2,25.5,21.3,,,,2025-03-13 16:10:00+00:00,42001
1042,180.0,5.0,6.0,,,,,1014.7,25.2,25.5,21.2,,1.0,,2025-03-13 16:00:00+00:00,42001
1043,190.0,6.0,7.0,0.8,5.0,4.4,172.0,1014.6,25.1,25.5,21.0,,,,2025-03-13 15:50:00+00:00,42001
1044,190.0,7.0,8.0,,,,,1014.6,25.1,25.5,20.9,,,,2025-03-13 15:40:00+00:00,42001
1045,190.0,6.0,8.0,,,,,1015.1,25.1,25.5,21.1,,,,2025-03-13 15:30:00+00:00,42001
1046,190.0,6.0,7.0,0.8,5.0,4.3,173.0,1014.8,25.0,25.5,21.2,,,,2025-03-13 15:20:00+00:00,42001
1047,190.0,6.0,7.0,0.8,,4.3,173.0,1014.8,25.0,25.5,21.3,,,,2025-03-13 15:10:00+00:00,42001
1048,180.0,7.0,8.0,,,,,1014.7,25.0,25.5,21.3,,1.5,,2025-03-13 15:00:00+00:00,42001
1049,170.0,7.0,9.0,0.8,5.0,4.5,151.0,1014.6,24.8,25.5,21.5,,,,2025-03-13 14:50:00+00:00,42001
1050,160.0,5.0,8.0,,,,,1014.5,23.9,25.5,21.6,,,,2025-03-13 14:40:00+00:00,42001
1051,160.0,7.0,10.0,,,,,1014.4,24.1,25.4,21.3,,,,2025-03-13 14:30:00+00:00,42001
1052,120.0,5.0,8.0,0.7,5.0,4.4,161.0,1014.4,24.5,25.4,20.7,,,,2025-03-13 14:20:00+00:00,42001
1053,110.0,3.0,4.0,,,,,1015.1,24.5,25.4,20.7,,,,2025-03-13 14:10:00+00:00,42001
1054,110.0,3.0,4.0,,,,,1015.6,24.5,25.4,20.5,,,,2025-03-13 14:00:00+00:00,42001
1055,120.0,3.0,4.0,0.8,5.0,4.4,164.0,1015.2,24.5,25.4,20.5,,,,2025-03-13 13:50:00+00:00,42001
1056,140.0,4.0,7.0,,,,,1014.9,24.5,25.4,20.6,,,,2025-03-13 13:40:00+00:00,42001
1057,150.0,6.0,8.0,,,,,1014.2,24.5,25.4,20.7,,,,2025-03-13 13:30:00+00:00,42001
1058,150.0,7.0,8.0,0.7,5.0,4.3,165.0,1013.9,24.5,25.4,20.6,,,,2025-03-13 13:20:00+00:00,42001
1059,150.0,6.0,8.0,0.7,,4.3,165.0,1013.9,24.5,25.4,20.7,,,,2025-03-13 13:10:00+00:00,42001
1060,150.0,6.0,8.0,,,,,1013.9,24.5,25.4,20.5,,0.9,,2025-03-13 13:00:00+00:00,42001
1061,150.0,6.0,8.0,0.7,5.0,4.4,163.0,1013.8,24.5,25.4,20.5,,,,2025-03-13 12:50:00+00:00,42001
1062,150.0,6.0,8.0,,,,,1013.7,24.4,25.4,20.2,,,,2025-03-13 12:40:00+00:00,42001
1063,150.0,6.0,7.0,,,,,1013.6,24.4,25.4,20.2,,,,2025-03-13 12:30:00+00:00,42001
1064,150.0,6.0,8.0,0.8,5.0,4.4,160.0,1013.6,24.4,25.4,20.2,,,,2025-03-13 12:20:00+00:00,42001
1065,150.0,6.0,7.0,,,,,1013.4,24.4,25.4,20.2,,,,2025-03-13 12:10:00+00:00,42001
1066,150.0,6.0,8.0,,,,,1013.3,24.4,25.4,20.2,,0.0,,2025-03-13 12:00:00+00:00,42001
1067,160.0,6.0,7.0,0.7,5.0,4.4,160.0,1013.2,24.5,25.4,20.1,,,,2025-03-13 11:50:00+00:00,42001
1068,150.0,5.0,6.0,,,,,1013.2,24.5,25.4,20.0,,,,2025-03-13 11:40:00+00:00,42001
1069,150.0,5.0,6.0,,,,,1013.2,24.5,25.4,19.5,,,,2025-03-13 11:30:00+00:00,42001
1070,160.0,5.0,6.0,0.7,5.0,4.4,159.0,1013.2,24.5,25.4,19.2,,,,2025-03-13 11:20:00+00:00,42001
1071,160.0,5.0,6.0,0.7,,4.4,159.0,1013.2,24.4,25.4,19.2,,,,2025-03-13 11:10:00+00:00,42001
1072,160.0,4.0,6.0,,,,,1013.3,24.4,25.4,19.5,,-0.0,,2025-03-13 11:00:00+00:00,42001
1073,160.0,5.0,6.0,0.8,5.0,4.4,151.0,1013.2,24.4,25.4,19.1,,,,2025-03-13 10:50:00+00:00,42001
1074,170.0,4.0,6.0,,,,,1013.1,24.4,25.4,19.0,,,,2025-03-13 10:40:00+00:00,42001
1075,170.0,5.0,6.0,,,,,1013.1,24.4,25.4,19.2,,,,2025-03-13 10:30:00+00:00,42001
1076,170.0,5.0,6.0,0.7,5.0,4.4,151.0,1013.0,24.4,25.4,19.2,,,,2025-03-13 10:20:00+00:00,42001
1077,170.0,5.0,6.0,0.7,,4.4,151.0,1012.8,24.4,25.4,19.4,,,,2025-03-13 10:10:00+00:00,42001
1078,160.0,4.0,5.0,,,,,1012.8,24.4,25.4,19.3,,-0.8,,2025-03-13 10:00:00+00:00,42001
1079,170.0,4.0,6.0,0.8,5.0,4.4,147.0,1012.9,24.5,25.4,19.4,,,,2025-03-13 09:50:00+00:00,42001
1080,170.0,4.0,5.0,,,,,1012.8,24.5,25.3,19.2,,,,2025-03-13 09:40:00+00:00,42001
1081,170.0,4.0,5.0,,,,,1012.8,24.5,25.3,19.2,,,,2025-03-13 09:30:00+00:00,42001
1082,180.0,3.0,4.0,0.8,5.0,4.5,141.0,1012.9,24.5,25.4,19.0,,,,2025-03-13 09:20:00+00:00,42001
1083,190.0,4.0,5.0,0.8,,4.5,141.0,1013.0,24.5,25.4,18.5,,,,2025-03-13 09:10:00+00:00,42001
1084,190.0,4.0,5.0,,,,,1013.1,24.4,25.3,18.5,,-0.8,,2025-03-13 09:00:00+00:00,42001
1085,200.0,4.0,5.0,0.7,5.0,4.4,156.0,1013.1,24.4,25.3,19.1,,,,2025-03-13 08:50:00+00:00,42001
1086,190.0,4.0,5.0,,,,,1013.0,24.6,25.3,19.2,,,,2025-03-13 08:40:00+00:00,42001
1087,190.0,4.0,5.0,,,,,1013.2,24.5,25.3,18.4,,,,2025-03-13 08:30:00+00:00,42001
1088,190.0,4.0,5.0,0.8,5.0,4.5,153.0,1013.3,24.5,25.3,18.6,,,,2025-03-13 08:20:00+00:00,42001
1089,180.0,4.0,4.0,0.8,,4.5,153.0,1013.2,24.6,25.3,18.8,,,,2025-03-13 08:10:00+00:00,42001
1090,180.0,4.0,5.0,,,,,1013.2,24.5,25.3,18.8,,-0.5,,2025-03-13 08:00:00+00:00,42001
1091,190.0,4.0,6.0,0.8,5.0,4.4,143.0,1013.4,24.5,25.3,18.8,,,,2025-03-13 07:50:00+00:00,42001
1092,180.0,3.0,5.0,,,,,1013.4,24.5,25.3,18.6,,,,2025-03-13 07:40:00+00:00,42001
1093,180.0,4.0,5.0,,,,,1013.4,24.5,25.3,18.6,,,,2025-03-13 07:30:00+00:00,42001
1094,180.0,4.0,5.0,0.7,5.0,4.3,147.0,1013.4,24.6,25.3,18.4,,,,2025-03-13 07:20:00+00:00,42001
1095,180.0,5.0,6.0,0.7,,4.3,147.0,1013.5,24.6,25.3,18.4,,,,2025-03-13 07:10:00+00:00,42001
1096,190.0,4.0,6.0,,,,,1013.6,24.5,25.4,18.7,,0.0,,2025-03-13 07:00:00+00:00,42001
1097,190.0,4.0,5.0,0.7,5.0,4.2,148.0,1013.8,24.5,25.4,18.4,,,,2025-03-13 06:50:00+00:00,42001
1098,200.0,4.0,5.0,,,,,1013.8,24.6,25.4,18.4,,,,2025-03-13 06:40:00+00:00,42001
1099,200.0,5.0,6.0,,,,,1013.9,24.6,25.4,18.5,,,,2025-03-13 06:30:00+00:00,42001
1100,180.0,5.0,6.0,0.7,5.0,4.2,144.0,1014.0,24.6,25.4,18.5,,,,2025-03-13 06:20:00+00:00,42001
1101,180.0,5.0,6.0,0.7,,4.2,144.0,1013.8,24.6,25.4,18.3,,,,2025-03-13 06:10:00+00:00,42001
1102,180.0,5.0,7.0,,,,,1013.8,24.6,25.4,18.1,,,,2025-03-13 06:00:00+00:00,42001
1103,180.0,6.0,7.0,0.7,5.0,4.1,148.0,1013.7,24.6,25.4,18.0,,,,2025-03-13 05:50:00+00:00,42001
1104,190.0,5.0,7.0,,,,,1013.8,24.6,25.4,18.1,,,,2025-03-13 05:40:00+00:00,42001
1105,170.0,5.0,6.0,,,,,1013.8,24.5,25.4,18.2,,,,2025-03-13 05:30:00+00:00,42001
1106,170.0,4.0,6.0,0.7,5.0,4.1,137.0,1013.6,24.6,25.4,18.3,,,,2025-03-13 05:20:00+00:00,42001
1107,180.0,5.0,6.0,,,,,1013.6,24.6,25.5,17.9,,,,2025-03-13 05:10:00+00:00,42001
1108,180.0,5.0,7.0,,,,,1013.8,24.6,,17.7,,,,2025-03-13 05:00:00+00:00,42001
1109,180.0,5.0,7.0,0.7,4.0,4.1,169.0,1013.8,24.6,25.5,17.9,,,,2025-03-13 04:50:00+00:00,42001
1110,180.0,5.0,6.0,,,,,1013.7,24.6,25.5,17.3,,,,2025-03-13 04:40:00+00:00,42001
1111,180.0,5.0,7.0,,,,,1013.8,24.6,25.5,17.5,,,,2025-03-13 04:30:00+00:00,42001
1112,180.0,6.0,7.0,0.7,4.0,3.9,175.0,1013.7,24.6,25.5,16.9,,,,2025-03-13 04:20:00+00:00,42001
1113,180.0,6.0,8.0,0.7,,3.9,175.0,1013.6,24.6,25.5,17.9,,,,2025-03-13 04:10:00+00:00,42001
1114,160.0,6.0,7.0,,,,,1013.5,24.6,,17.9,,,,2025-03-13 04:00:00+00:00,42001
1115,170.0,5.0,7.0,,,,,1013.6,24.6,,17.2,,,,2025-03-13 03:50:00+00:00,42001
